0,13,0,25,0,7.930707,99.085176,2.329608,0.000000,2,10.313100,0.314556,1.000000,1.000000,-10.235400,-1.917730,1.000000,1.000000
1,41,0,115,0,20.727162,312.552532,0.739140,0.000000,2,2.551430,2.837790,1.000000,1.000000,-2.548220,-3.612870,1.000000,1.000000
2,2,1,4,3,24.655283,314.636288,1.757971,0.000000,3,13.810000,-5.775260,1.000000,1.000000,-13.762300,4.413440,1.000000,1.000000
3,10,1,16,3,18.423206,260.201376,0.848239,0.000000,2,-17.340500,4.446590,1.000000,1.000000,17.419800,-4.255960,1.000000,1.000000
4,65,1,247,3,18.084573,259.752373,0.855484,-0.000000,2,-0.102021,-2.406200,1.000000,1.000000,0.102922,1.464490,1.000000,1.000000
5,188,1,911,3,0.263444,54.405688,0.000000,1.000000,1,1.812790,1.860770,1.000000,1.000000,-1.812250,-1.748870,1.000000,1.000000
6,190,1,913,3,0.261292,54.802284,0.000000,1.000000,1,1.819920,1.874630,1.000000,1.000000,-1.819380,-1.762260,1.000000,1.000000
7,1,2,3,4,24.655283,314.636288,1.757971,-0.000000,3,-13.762300,4.413440,1.000000,1.000000,13.810000,-5.775260,1.000000,1.000000
8,5,2,8,4,34.144819,556.094932,0.429810,-0.000000,2,-25.137600,9.444720,1.000000,1.000000,25.208000,-8.779570,1.000000,1.000000
9,6,2,9,4,34.144819,556.094932,0.429810,-0.000000,2,-26.961200,10.223500,1.000000,1.000000,27.042300,-9.382960,1.000000,1.000000
10,7,2,10,4,74.024630,1575.677531,0.182224,-0.000000,2,2.120440,-17.680100,1.000000,1.000000,-2.112210,17.646500,1.000000,1.000000
11,108,2,412,4,16.531155,208.331857,1.155164,-0.000000,2,32.066400,13.971700,1.000000,1.000000,-31.651800,-9.975850,1.000000,1.000000
12,109,2,414,4,16.531155,208.331857,1.155164,-0.000000,2,31.850000,10.938400,1.000000,1.000000,-31.466500,-7.350990,1.000000,1.000000
13,4,3,7,6,26.368041,555.892728,0.349112,0.000000,2,17.772800,1.630210,1.000000,1.000000,-17.747000,-1.453270,1.000000,1.000000
14,138,3,637,6,0.404500,37.804285,0.000000,1.047619,1,-5.931060,-0.695706,1.000000,1.000000,5.941570,1.677750,1.000000,1.000000
15,139,3,638,6,0.404500,37.804285,0.000000,1.047619,1,-5.958410,-0.603431,1.000000,1.000000,5.968980,1.591120,1.000000,1.000000
16,140,3,639,6,0.404500,37.804285,0.000000,1.047619,1,-5.883260,-0.330993,1.000000,1.000000,5.893500,1.287170,1.000000,1.000000
17,3,4,6,7,26.368041,555.892728,0.349112,-0.000000,2,-17.747000,-1.453270,1.000000,1.000000,17.772800,1.630210,1.000000,1.000000
18,37,4,98,7,9.683488,208.139511,1.183909,0.000000,2,0.756787,-1.289670,1.000000,1.000000,-0.756568,0.052901,1.000000,1.000000
19,86,4,335,7,3.927109,72.767305,3.154005,0.000000,2,9.585360,-2.866530,1.000000,1.000000,-9.519320,0.735643,1.000000,1.000000
20,96,4,371,7,5.580896,95.409618,2.313181,-0.000000,2,-13.825500,1.410670,1.000000,1.000000,13.941200,-1.831250,1.000000,1.000000
21,99,4,383,7,113.497633,1566.388918,0.138574,0.000000,2,23.488000,2.197690,1.000000,1.000000,-23.463500,-2.004020,1.000000,1.000000
22,214,4,976,7,0.419745,56.388913,0.000000,1.047619,1,-1.138440,1.009400,1.000000,1.000000,1.138760,-0.966306,1.000000,1.000000
23,215,4,977,7,0.410435,55.760097,0.000000,1.047619,1,-1.119100,0.991857,1.000000,1.000000,1.119410,-0.949763,1.000000,1.000000
24,2,5,4,8,34.144819,556.094932,0.429810,0.000000,2,25.208000,-8.779570,1.000000,1.000000,-25.137600,9.444720,1.000000,1.000000
25,2,6,4,9,34.144819,556.094932,0.429810,0.000000,2,27.042300,-9.382960,1.000000,1.000000,-26.961200,10.223500,1.000000,1.000000
26,2,7,4,10,74.024630,1575.677531,0.182224,0.000000,2,-2.112210,17.646500,1.000000,1.000000,2.120440,-17.680100,1.000000,1.000000
27,8,7,11,10,15.333284,325.738602,1.700851,-0.000000,3,-43.102400,16.315100,1.000000,1.000000,43.371400,-12.501900,1.000000,1.000000
28,65,7,247,10,32.688283,527.570373,0.472022,0.000000,2,-24.372900,10.496100,1.000000,1.000000,24.444700,-9.874510,1.000000,1.000000
29,280,7,2284,10,99.009901,990.099010,0.000000,1.000000,1,0.129240,-43.764800,1.000000,1.000000,0.036430,45.421500,1.000000,1.000000
30,281,7,2285,10,99.009901,990.099010,0.000000,1.000000,1,0.015934,24.687900,1.000000,1.000000,0.036784,-24.160800,1.000000,1.000000
31,7,8,10,11,15.333284,325.738602,1.700851,0.000000,3,43.371400,-12.501900,1.000000,1.000000,-43.102400,16.315100,1.000000,1.000000
32,13,9,25,14,23.728706,305.115321,0.823401,-0.000000,2,-6.952350,1.359050,1.000000,1.000000,6.964310,-2.102360,1.000000,1.000000
33,1,10,3,16,18.423206,260.201376,0.848239,-0.000000,2,17.419800,-4.255960,1.000000,1.000000,-17.340500,4.446590,1.000000,1.000000
34,11,10,17,16,14.209377,176.426299,1.461286,0.000000,2,9.074890,-0.866663,1.000000,1.000000,-9.040440,-0.286906,1.000000,1.000000
35,37,10,98,16,5.801658,103.236611,5.075160,-0.000000,3,-16.411700,1.144020,1.000000,1.000000,16.554000,-4.031710,1.000000,1.000000
36,74,10,274,16,4.493252,62.427600,0.953577,0.000000,1,0.684849,1.268820,1.000000,1.000000,-0.680980,-2.221800,1.000000,1.000000
37,111,10,427,16,36.141019,485.471528,0.508983,0.000000,2,-11.806200,1.926660,1.000000,1.000000,11.826500,-2.205010,1.000000,1.000000
38,200,10,938,16,0.264970,54.563017,0.000000,1.000000,1,0.509146,0.333215,1.000000,1.000000,-0.509116,-0.326958,1.000000,1.000000
39,202,10,940,16,0.307378,56.881160,0.000000,1.000000,1,0.529449,0.450549,1.000000,1.000000,-0.529407,-0.442715,1.000000,1.000000
40,10,11,16,17,14.209377,176.426299,1.461286,-0.000000,2,-9.040440,-0.286906,1.000000,1.000000,9.074890,-0.866663,1.000000,1.000000
41,13,12,25,24,8.985440,123.928052,0.491718,0.000000,1,-0.526809,0.059129,1.000000,1.000000,0.527014,-0.591241,1.000000,1.000000
42,0,13,0,25,7.930707,99.085176,2.329608,-0.000000,2,-10.235400,-1.917730,1.000000,1.000000,10.313100,0.314556,1.000000,1.000000
43,9,13,14,25,23.728706,305.115321,0.823401,0.000000,2,6.964310,-2.102360,1.000000,1.000000,-6.952350,1.359050,1.000000,1.000000
44,12,13,24,25,8.985440,123.928052,0.491718,-0.000000,1,0.527014,-0.591241,1.000000,1.000000,-0.526809,0.059129,1.000000,1.000000
45,74,13,274,25,6.837153,99.020497,0.583802,0.000000,1,1.918080,2.524070,1.000000,1.000000,-1.910560,-3.031930,1.000000,1.000000
46,192,13,918,25,0.300022,55.329530,0.000000,1.000000,1,0.406638,1.001380,1.000000,1.000000,-0.406533,-0.981938,1.000000,1.000000
47,193,13,920,25,0.413821,55.778712,0.000000,1.000000,1,0.419328,1.085980,1.000000,1.000000,-0.419162,-1.063600,1.000000,1.000000
48,15,14,32,31,45.158561,255.088027,0.032811,0.000000,3,-0.831118,0.852070,1.000000,1.000000,0.832047,-0.881093,1.000000,1.000000
49,91,14,351,31,32.044132,151.064279,0.080000,0.000000,2,0.054633,-0.829805,1.000000,1.000000,-0.053833,0.749401,1.000000,1.000000
50,243,14,1403,31,0.159588,9.234179,0.000000,1.028261,1,0.395495,-0.009101,1.000000,1.000000,-0.395199,0.026206,1.000000,1.000000
51,244,14,1406,31,0.199982,9.124202,0.000000,1.028261,1,0.380988,0.001792,1.000000,1.000000,-0.380636,0.014261,1.000000,1.000000
52,14,15,31,32,45.158561,255.088027,0.032811,-0.000000,3,0.832047,-0.881093,1.000000,1.000000,-0.831118,0.852070,1.000000,1.000000
53,16,15,35,32,14.709731,104.493654,0.012474,-0.000000,1,0.973909,-0.108550,1.000000,1.000000,-0.972693,0.104195,1.000000,1.000000
54,17,15,36,32,24.078174,204.142665,0.026012,-0.000000,2,2.068470,0.724632,1.000000,1.000000,-2.065830,-0.729241,1.000000,1.000000
55,45,15,138,32,32.056572,206.406198,0.033916,-0.000000,2,1.853370,-0.303871,1.000000,1.000000,-1.850890,0.284505,1.000000,1.000000
56,47,15,145,32,30.003407,168.037126,0.057248,-0.000000,3,-1.263500,1.191910,1.000000,1.000000,1.266550,-1.234130,1.000000,1.000000
57,48,15,154,32,2.637005,19.976274,0.084323,0.000000,1,-1.290350,0.229288,1.000000,1.000000,1.301190,-0.234725,1.000000,1.000000
58,70,15,255,32,48.408555,270.031648,0.033280,-0.000000,2,0.365767,0.054653,1.000000,1.000000,-0.365681,-0.088830,1.000000,1.000000
59,176,15,860,32,27.848860,-589.351501,0.000000,1.000000,1,-1.754790,-0.751407,1.000000,1.000000,1.755070,0.745485,1.000000,1.000000
60,178,15,862,32,22.276556,-580.540551,0.000000,1.000000,1,-1.784930,-0.155597,1.000000,1.000000,1.785140,0.150297,1.000000,1.000000
61,15,16,32,35,14.709731,104.493654,0.012474,0.000000,1,-0.972693,0.104195,1.000000,1.000000,0.973909,-0.108550,1.000000,1.000000
62,45,16,138,35,459.664445,3447.483337,0.000546,0.000000,1,-1.176060,-0.960590,1.000000,1.000000,1.176140,0.960652,1.000000,1.000000
63,15,17,32,36,24.078174,204.142665,0.026012,0.000000,2,-2.065830,-0.729241,1.000000,1.000000,2.068470,0.724632,1.000000,1.000000
64,19,18,39,38,3.423620,48.861558,1.148123,0.000000,1,-5.527120,1.240350,1.000000,1.000000,5.573250,-1.761590,1.000000,1.000000
65,37,18,98,38,99.009901,990.099010,0.001000,0.000000,1,5.527130,-1.240330,1.000000,1.000000,-5.524080,1.269830,1.000000,1.000000
66,18,19,38,39,3.423620,48.861558,1.148123,-0.000000,1,5.573250,-1.761590,1.000000,1.000000,-5.527120,1.240350,1.000000,1.000000
67,20,19,40,39,36.975225,543.935129,0.405485,-0.000000,2,6.527250,-0.425838,1.000000,1.000000,-6.521970,0.096407,1.000000,1.000000
68,101,19,393,39,28.189414,396.541753,0.615906,0.000000,2,6.142580,-1.710030,1.000000,1.000000,-6.135540,1.188990,1.000000,1.000000
69,159,19,683,39,0.543658,42.495595,0.000000,1.047619,1,-4.567260,1.003490,1.000000,1.000000,4.574460,-0.441331,1.000000,1.000000
70,160,19,684,39,0.543658,42.495595,0.000000,1.047619,1,-4.563460,0.890843,1.000000,1.000000,4.570570,-0.335062,1.000000,1.000000
71,161,19,685,39,0.543658,42.495595,0.000000,1.047619,1,-4.545320,0.957623,1.000000,1.000000,4.552420,-0.402915,1.000000,1.000000
72,162,19,686,39,0.543658,42.495595,0.000000,1.047619,1,-4.567010,1.045540,1.000000,1.000000,4.574230,-0.481228,1.000000,1.000000
73,19,20,39,40,36.975225,543.935129,0.405485,0.000000,2,-6.521970,0.096407,1.000000,1.000000,6.527250,-0.425838,1.000000,1.000000
74,102,20,394,40,95.316424,1304.078765,0.190228,0.000000,2,3.145650,-1.018300,1.000000,1.000000,-3.145050,0.835426,1.000000,1.000000
75,207,20,953,40,0.345416,56.816082,0.000000,1.047619,1,1.702630,0.464553,1.000000,1.000000,-1.702270,-0.404613,1.000000,1.000000
76,208,20,954,40,0.266742,57.034057,0.000000,1.047619,1,1.673680,0.457354,1.000000,1.000000,-1.673410,-0.399644,1.000000,1.000000
77,22,21,42,41,9.024496,45.802425,0.020353,0.000000,1,0.516055,0.002211,1.000000,1.000000,-0.514972,-0.017395,1.000000,1.000000
78,24,21,44,41,4.347741,27.096375,0.033159,0.000000,1,1.521840,-0.444726,1.000000,1.000000,-1.507680,0.498954,1.000000,1.000000
79,21,22,41,42,9.024496,45.802425,0.020353,-0.000000,1,-0.514972,-0.017395,1.000000,1.000000,0.516055,0.002211,1.000000,1.000000
80,23,22,43,42,9.891212,51.445829,0.017711,-0.000000,1,-1.198640,0.026461,1.000000,1.000000,1.203750,-0.017900,1.000000,1.000000
81,29,22,74,42,22.828657,119.653785,0.084453,-0.000000,2,0.508359,-0.278770,1.000000,1.000000,-0.507882,0.195548,1.000000,1.000000
82,230,22,1123,42,0.125672,8.454005,0.000000,0.985000,1,0.557231,0.128402,1.000000,1.000000,-0.556681,-0.091396,1.000000,1.000000
83,231,22,1126,42,0.120563,8.693300,0.000000,0.987500,1,0.648024,0.141317,1.000000,1.000000,-0.647349,-0.092656,1.000000,1.000000
84,22,23,42,43,9.891212,51.445829,0.017711,0.000000,1,1.203750,-0.017900,1.000000,1.000000,-1.198640,0.026461,1.000000,1.000000
85,24,23,44,43,5.374281,25.299392,0.036698,0.000000,1,1.727540,-0.499718,1.000000,1.000000,-1.702250,0.581016,1.000000,1.000000
86,21,24,41,44,4.347741,27.096375,0.033159,-0.000000,1,-1.507680,0.498954,1.000000,1.000000,1.521840,-0.444726,1.000000,1.000000
87,23,24,43,44,5.374281,25.299392,0.036698,-0.000000,1,-1.702250,0.581016,1.000000,1.000000,1.727540,-0.499718,1.000000,1.000000
88,76,24,281,44,48.521900,402.649526,0.012196,0.000000,2,2.002470,0.500182,1.000000,1.000000,-2.001250,-0.502692,1.000000,1.000000
89,97,24,372,44,6.992570,41.740755,0.086251,0.000000,2,2.195770,-0.754023,1.000000,1.000000,-2.175680,0.783824,1.000000,1.000000
90,98,24,375,44,14.258570,102.150169,0.077738,-0.000000,2,-1.199310,0.172916,1.000000,1.000000,1.201230,-0.239582,1.000000,1.000000
91,104,24,399,44,74.226375,516.842154,0.015107,-0.000000,2,-0.835096,-0.976042,1.000000,1.000000,0.835526,0.963369,1.000000,1.000000
92,238,24,1339,44,0.173109,11.276641,0.000000,1.042609,1,0.522441,-0.009340,1.000000,1.000000,-0.522051,0.034763,1.000000,1.000000
93,239,24,1342,44,0.178701,11.300569,0.000000,1.042609,1,0.523651,-0.013634,1.000000,1.000000,-0.523248,0.039130,1.000000,1.000000
94,26,25,54,53,33.953431,172.295919,0.021646,0.000000,2,0.809752,-0.637866,1.000000,1.000000,-0.808671,0.620202,1.000000,1.000000
95,25,26,53,54,33.953431,172.295919,0.021646,-0.000000,2,-0.808671,0.620202,1.000000,1.000000,0.809752,-0.637866,1.000000,1.000000
96,44,26,131,54,29.343453,151.963157,0.015688,-0.000000,1,0.381555,0.161139,1.000000,1.000000,-0.381355,-0.176903,1.000000,1.000000
97,82,26,296,54,39.869445,246.178664,0.028205,-0.000000,2,0.910461,0.062421,1.000000,1.000000,-0.909962,-0.089554,1.000000,1.000000
98,135,26,589,54,65.434357,506.885322,0.014816,0.000000,2,0.515134,0.232650,1.000000,1.000000,-0.515058,-0.247942,1.000000,1.000000
99,200,26,938,54,18.556123,-565.321870,0.000000,1.000000,1,-0.495277,0.036364,1.000000,1.000000,0.495290,-0.036771,1.000000,1.000000
100,202,26,940,54,22.776959,-637.348111,0.000000,1.000000,1,-0.503200,-1.112840,1.000000,1.000000,0.503278,1.110660,1.000000,1.000000
101,45,27,138,55,13.466061,91.205360,0.072363,0.000000,2,-0.342656,-0.029661,1.000000,1.000000,0.342834,-0.044488,1.000000,1.000000
102,204,28,942,59,5.502487,-328.422922,0.000000,1.000000,1,-4.313890,0.364690,1.000000,1.000000,4.314770,-0.417087,1.000000,1.000000
103,205,28,943,59,6.033268,-322.467765,0.000000,1.000000,1,-4.320720,1.538050,1.000000,1.000000,4.321840,-1.597930,1.000000,1.000000
104,22,29,42,74,22.828657,119.653785,0.084453,0.000000,2,-0.507882,0.195548,1.000000,1.000000,0.508359,-0.278770,1.000000,1.000000
105,47,29,145,74,16.687070,121.037271,0.038459,0.000000,2,1.859890,-1.138490,1.000000,1.000000,-1.854710,1.136730,1.000000,1.000000
106,51,29,166,74,26.929493,212.121677,0.033196,0.000000,2,-0.073439,0.130639,1.000000,1.000000,0.073455,-0.164225,1.000000,1.000000
107,93,29,353,74,22.128599,146.532516,0.039508,-0.000000,2,-2.398480,0.683648,1.000000,1.000000,2.404680,-0.682682,1.000000,1.000000
108,223,29,1051,74,0.502813,11.111741,0.000000,1.042609,1,0.572793,0.071818,1.000000,1.000000,-0.571345,-0.039800,1.000000,1.000000
109,226,29,1054,74,0.481412,10.748032,0.000000,1.042609,1,0.547117,0.056843,1.000000,1.000000,-0.545770,-0.026788,1.000000,1.000000
110,31,30,81,80,16.885936,131.685621,0.013397,0.000000,1,-2.386090,0.594472,1.000000,1.000000,2.391790,-0.563605,1.000000,1.000000
111,33,30,89,80,16.351148,125.263862,0.052772,-0.000000,2,2.514510,-0.576357,1.000000,1.000000,-2.507840,0.573687,1.000000,1.000000
112,80,30,293,80,9.147441,51.463918,0.028730,-0.000000,1,-0.056746,0.022443,1.000000,1.000000,0.056761,-0.051569,1.000000,1.000000
113,81,30,294,80,2.994059,17.410106,0.054300,0.000000,1,0.043308,0.007634,1.000000,1.000000,-0.043279,-0.062572,1.000000,1.000000
114,282,30,2327,80,0.129948,10.055344,0.000000,1.000000,1,-0.057425,-0.023888,1.000000,1.000000,0.057430,0.024266,1.000000,1.000000
115,283,30,2330,80,0.127933,10.047713,0.000000,1.000000,1,-0.057555,-0.024305,1.000000,1.000000,0.057560,0.024687,1.000000,1.000000
116,30,31,80,81,16.885936,131.685621,0.013397,-0.000000,1,2.391790,-0.563605,1.000000,1.000000,-2.386090,0.594472,1.000000,1.000000
117,68,32,251,86,10.575820,62.134305,0.072586,0.000000,2,-0.377666,-0.000015,1.000000,1.000000,0.378014,-0.078119,1.000000,1.000000
118,30,33,80,89,16.351148,125.263862,0.052772,0.000000,2,-2.507840,0.573687,1.000000,1.000000,2.514510,-0.576357,1.000000,1.000000
119,55,33,211,89,7.553512,49.879136,0.030164,0.000000,1,-2.418070,0.649487,1.000000,1.000000,2.436350,-0.559443,1.000000,1.000000
120,59,33,235,89,4.614055,25.241013,0.036484,0.000000,1,-0.990968,0.285108,1.000000,1.000000,0.998340,-0.281891,1.000000,1.000000
121,88,33,346,89,4.724301,38.892633,0.181104,0.000000,2,-1.569480,0.358220,1.000000,1.000000,1.577520,-0.475955,1.000000,1.000000
122,122,33,474,89,7.782393,81.045597,0.011109,-0.000000,1,-0.210961,0.242730,1.000000,1.000000,0.211083,-0.252771,1.000000,1.000000
123,180,33,874,89,24.405228,-548.364383,0.000000,1.050000,1,3.335820,-0.913500,1.000000,1.000000,-3.334770,0.889995,1.000000,1.000000
124,268,33,2064,89,41.949828,-746.706939,0.000000,1.050000,1,4.361450,-1.195730,1.000000,1.000000,-4.359790,1.166260,1.000000,1.000000
125,35,34,91,90,168.136546,811.173051,0.001501,0.000000,1,-0.446428,-0.137640,1.000000,1.000000,0.446481,0.136371,1.000000,1.000000
126,249,34,1568,90,0.061288,4.421777,0.000000,0.956522,1,0.124733,0.025175,1.000000,1.000000,-0.124688,-0.021873,1.000000,1.000000
127,250,34,1571,90,0.226276,10.462913,0.000000,0.956522,1,0.321700,0.112470,1.000000,1.000000,-0.321484,-0.102465,1.000000,1.000000
128,34,35,90,91,168.136546,811.173051,0.001501,-0.000000,1,0.446481,0.136371,1.000000,1.000000,-0.446428,-0.137640,1.000000,1.000000
129,36,35,92,91,25.846785,142.501117,0.029248,-0.000000,2,1.059270,-0.599364,1.000000,1.000000,-1.057490,0.579388,1.000000,1.000000
130,51,35,166,91,44.185461,399.686905,0.015558,-0.000000,2,-2.875640,0.390810,1.000000,1.000000,2.877910,-0.386081,1.000000,1.000000
131,105,35,402,91,7.362262,39.846330,0.095502,0.000000,2,0.624246,-0.034332,1.000000,1.000000,-0.622524,-0.053012,1.000000,1.000000
132,232,35,1324,91,0.083141,11.370782,0.000000,1.042609,1,0.371518,0.065235,1.000000,1.000000,-0.371420,-0.051837,1.000000,1.000000
133,235,35,1327,91,0.078207,11.552151,0.000000,1.042609,1,0.374112,0.041285,1.000000,1.000000,-0.374023,-0.028154,1.000000,1.000000
134,35,36,91,92,25.846785,142.501117,0.029248,0.000000,2,-1.057490,0.579388,1.000000,1.000000,1.059270,-0.599364,1.000000,1.000000
135,40,36,111,92,37.794189,212.777667,0.022069,0.000000,2,1.949970,-0.835340,1.000000,1.000000,-1.946420,0.832773,1.000000,1.000000
136,42,36,120,92,12.244252,69.468289,0.052909,0.000000,2,-1.709880,0.134237,1.000000,1.000000,1.716990,-0.148004,1.000000,1.000000
137,229,36,1102,92,0.156873,11.568331,0.000000,1.042609,1,0.817398,0.121729,1.000000,1.000000,-0.816545,-0.058860,1.000000,1.000000
138,4,37,7,98,9.683488,208.139511,1.183909,-0.000000,2,-0.756568,0.052901,1.000000,1.000000,0.756787,-1.289670,1.000000,1.000000
139,10,37,16,98,5.801658,103.236611,5.075160,0.000000,3,16.554000,-4.031710,1.000000,1.000000,-16.411700,1.144020,1.000000,1.000000
140,18,37,38,98,99.009901,990.099010,0.001000,-0.000000,1,-5.524080,1.269830,1.000000,1.000000,5.527130,-1.240330,1.000000,1.000000
141,50,37,158,98,2.667707,46.362455,1.227832,0.000000,1,2.376570,-0.948622,1.000000,1.000000,-2.369820,-0.231253,1.000000,1.000000
142,114,37,434,98,99.009901,990.099010,0.001000,-0.000000,1,-4.957370,1.064660,1.000000,1.000000,4.959820,-1.041260,1.000000,1.000000
143,180,37,874,98,0.242205,55.369926,0.000000,1.047619,1,-3.333760,1.123240,1.000000,1.000000,3.334780,-0.889991,1.000000,1.000000
144,268,37,2064,98,0.269552,72.699837,0.000000,1.047619,1,-4.358670,1.469980,1.000000,1.000000,4.359800,-1.166250,1.000000,1.000000
145,39,38,108,107,23.319058,330.559383,2.774241,0.000000,4,18.152700,-3.380810,1.000000,1.000000,-18.086000,1.374800,1.000000,1.000000
146,38,39,107,108,23.319058,330.559383,2.774241,-0.000000,4,-18.086000,1.374800,1.000000,1.000000,18.152700,-3.380810,1.000000,1.000000
147,43,39,126,108,8.372528,186.288470,1.187166,0.000000,2,16.382500,-2.001440,1.000000,1.000000,-16.321500,2.082660,1.000000,1.000000
148,53,39,194,108,6.717212,157.367549,1.595740,0.000000,2,24.343500,-1.324210,1.000000,1.000000,-24.193100,3.132350,1.000000,1.000000
149,129,39,557,108,6.757014,149.800406,1.580420,-0.000000,2,-18.888100,1.741590,1.000000,1.000000,18.990500,-1.153350,1.000000,1.000000
150,185,39,892,108,0.259038,55.864721,0.000000,1.047619,1,-1.873030,0.073707,1.000000,1.000000,1.873330,-0.009029,1.000000,1.000000
151,213,39,975,108,0.156945,58.410793,0.000000,1.047619,1,-1.878680,0.135826,1.000000,1.000000,1.878840,-0.073365,1.000000,1.000000
152,36,40,92,111,37.794189,212.777667,0.022069,-0.000000,2,-1.946420,0.832773,1.000000,1.000000,1.949970,-0.835340,1.000000,1.000000
153,47,40,145,111,13.881701,117.996778,0.050804,-0.000000,2,-0.988207,-0.227564,1.000000,1.000000,0.989182,0.183645,1.000000,1.000000
154,103,40,395,111,33.451292,246.046369,0.028703,-0.000000,2,2.042590,-0.675072,1.000000,1.000000,-2.040150,0.663546,1.000000,1.000000
155,0,41,0,115,20.727162,312.552532,0.739140,-0.000000,2,-2.548220,-3.612870,1.000000,1.000000,2.551430,2.837790,1.000000,1.000000
156,63,41,245,115,25.698107,361.645199,0.623105,-0.000000,2,-3.422860,3.056940,1.000000,1.000000,3.426980,-3.680990,1.000000,1.000000
157,198,41,934,115,0.266480,54.718264,0.000000,1.000000,1,2.987410,0.279378,1.000000,1.000000,-2.986690,-0.130256,1.000000,1.000000
158,199,41,936,115,0.276082,55.079861,0.000000,1.000000,1,2.983670,0.276592,1.000000,1.000000,-2.982930,-0.128842,1.000000,1.000000
159,36,42,92,120,12.244252,69.468289,0.052909,-0.000000,2,1.716990,-0.148004,1.000000,1.000000,-1.709880,0.134237,1.000000,1.000000
160,39,43,108,126,8.372528,186.288470,1.187166,-0.000000,2,-16.321500,2.082660,1.000000,1.000000,16.382500,-2.001440,1.000000,1.000000
161,133,43,580,126,29.444512,465.302198,0.516728,-0.000000,2,19.462700,-2.007000,1.000000,1.000000,-19.414800,2.203070,1.000000,1.000000
162,26,44,54,131,29.343453,151.963157,0.015688,0.000000,1,-0.381355,-0.176903,1.000000,1.000000,0.381555,0.161139,1.000000,1.000000
163,135,44,589,131,48.584795,351.319101,0.021535,0.000000,2,-0.493283,-0.280967,1.000000,1.000000,0.493397,0.258749,1.000000,1.000000
164,15,45,32,138,32.056572,206.406198,0.033916,0.000000,2,-1.850890,0.284505,1.000000,1.000000,1.853370,-0.303871,1.000000,1.000000
165,16,45,35,138,459.664445,3447.483337,0.000546,-0.000000,1,1.176140,0.960652,1.000000,1.000000,-1.176060,-0.960590,1.000000,1.000000
166,27,45,55,138,13.466061,91.205360,0.072363,-0.000000,2,0.342834,-0.044488,1.000000,1.000000,-0.342656,-0.029661,1.000000,1.000000
167,62,45,242,138,32.665873,187.104395,0.038678,-0.000000,2,-0.894554,-1.169780,1.000000,1.000000,0.896398,1.139780,1.000000,1.000000
168,251,45,1589,138,0.140536,11.568216,0.000000,1.042609,1,0.624009,-0.007260,1.000000,1.000000,-0.623583,0.042379,1.000000,1.000000
169,262,45,1988,138,0.133640,11.307823,0.000000,1.042609,1,0.602455,-0.023613,1.000000,1.000000,-0.602059,0.057148,1.000000,1.000000
170,188,46,911,144,18.590037,-511.356942,0.000000,1.000000,1,-1.810920,-0.273616,1.000000,1.000000,1.811150,0.267332,1.000000,1.000000
171,190,46,913,144,19.911324,-529.192526,0.000000,1.000000,1,-1.818080,-0.286192,1.000000,1.000000,1.818310,0.280062,1.000000,1.000000
172,15,47,32,145,30.003407,168.037126,0.057248,0.000000,3,1.266550,-1.234130,1.000000,1.000000,-1.263500,1.191910,1.000000,1.000000
173,29,47,74,145,16.687070,121.037271,0.038459,-0.000000,2,-1.854710,1.136730,1.000000,1.000000,1.859890,-1.138490,1.000000,1.000000
174,40,47,111,145,13.881701,117.996778,0.050804,0.000000,2,0.989182,0.183645,1.000000,1.000000,-0.988207,-0.227564,1.000000,1.000000
175,118,47,452,145,12.853176,53.023072,0.018180,-0.000000,1,-0.648066,0.038163,1.000000,1.000000,0.649836,-0.049634,1.000000,1.000000
176,123,47,495,145,8.660964,44.391018,0.009186,-0.000000,1,-0.331525,-0.086140,1.000000,1.000000,0.332004,0.079099,1.000000,1.000000
177,241,47,1391,145,0.141041,11.151462,0.000000,1.071304,1,0.276741,-0.049901,1.000000,1.000000,-0.276641,0.057798,1.000000,1.000000
178,242,47,1394,145,0.164721,11.000086,0.000000,1.071304,1,0.301812,0.011622,1.000000,1.000000,-0.301673,-0.002388,1.000000,1.000000
179,15,48,32,154,2.637005,19.976274,0.084323,-0.000000,1,1.301190,-0.234725,1.000000,1.000000,-1.290350,0.229288,1.000000,1.000000
180,49,48,155,154,128.845347,603.819617,0.001454,0.000000,1,-0.158155,0.077459,1.000000,1.000000,0.158165,-0.078918,1.000000,1.000000
181,163,48,767,154,0.229132,11.998553,0.000000,1.052174,1,-1.143040,0.157266,1.000000,1.000000,1.145300,-0.038724,1.000000,1.000000
182,48,49,154,155,128.845347,603.819617,0.001454,-0.000000,1,0.158165,-0.078918,1.000000,1.000000,-0.158155,0.077459,1.000000,1.000000
183,37,50,98,158,2.667707,46.362455,1.227832,-0.000000,1,-2.369820,-0.231253,1.000000,1.000000,2.376570,-0.948622,1.000000,1.000000
184,57,50,231,158,25.498376,356.527790,0.665566,0.000000,2,-4.161700,-1.144150,1.000000,1.000000,4.165080,0.482877,1.000000,1.000000
185,85,50,334,158,26.051368,470.143579,0.550997,0.000000,2,15.323000,-2.168700,1.000000,1.000000,-15.296600,2.058560,1.000000,1.000000
186,110,50,423,158,4.085326,69.670958,3.567994,-0.000000,2,-6.593680,-1.807160,1.000000,1.000000,6.628050,-1.423990,1.000000,1.000000
187,136,50,623,158,12.180396,169.657581,0.287751,-0.000000,1,-1.097930,2.691810,1.000000,1.000000,1.101610,-2.941230,1.000000,1.000000
188,186,50,908,158,0.262544,55.575929,0.000000,1.000000,1,-0.551965,1.344450,1.000000,1.000000,0.552135,-1.308650,1.000000,1.000000
189,219,50,993,158,0.305231,53.915348,0.000000,1.000000,1,-0.547861,1.315070,1.000000,1.000000,0.548061,-1.279600,1.000000,1.000000
190,29,51,74,166,26.929493,212.121677,0.033196,-0.000000,2,0.073455,-0.164225,1.000000,1.000000,-0.073439,0.130639,1.000000,1.000000
191,35,51,91,166,44.185461,399.686905,0.015558,0.000000,2,2.877910,-0.386081,1.000000,1.000000,-2.875640,0.390810,1.000000,1.000000
192,54,51,205,166,6.815700,45.761943,0.034531,-0.000000,1,-0.964914,0.209285,1.000000,1.000000,0.967996,-0.223578,1.000000,1.000000
193,66,51,249,166,7.218919,45.990000,0.037761,0.000000,1,-0.576288,0.152150,1.000000,1.000000,0.577474,-0.182852,1.000000,1.000000
194,124,51,510,166,28.007417,314.462710,0.031552,-0.000000,2,-2.511410,0.741640,1.000000,1.000000,2.513320,-0.752216,1.000000,1.000000
195,186,51,908,166,21.769328,-494.090361,0.000000,1.000000,1,0.552734,-0.260414,1.000000,1.000000,-0.552702,0.259671,1.000000,1.000000
196,219,51,993,166,9.749756,-402.989925,0.000000,1.000000,1,0.548516,-0.292410,1.000000,1.000000,-0.548493,0.291465,1.000000,1.000000
197,181,52,883,171,14.654159,-454.072525,0.000000,1.000000,1,0.006471,-1.169950,1.000000,1.000000,-0.006383,1.167220,1.000000,1.000000
198,183,52,885,171,5.645136,-506.522699,0.000000,1.000000,1,0.007142,-1.472560,1.000000,1.000000,-0.007099,1.468690,1.000000,1.000000
199,39,53,108,194,6.717212,157.367549,1.595740,-0.000000,2,-24.193100,3.132350,1.000000,1.000000,24.343500,-1.324210,1.000000,1.000000
200,63,53,245,194,127.131661,1844.892917,0.571907,-0.000000,4,24.741900,-5.204220,1.000000,1.000000,-24.720000,4.901150,1.000000,1.000000
201,90,53,349,194,43.628400,667.431809,0.333247,0.000000,2,3.649880,2.271450,1.000000,1.000000,-3.648140,-2.604200,1.000000,1.000000
202,133,53,580,194,33.547001,502.918139,0.471070,-0.000000,2,-12.838200,0.097731,1.000000,1.000000,12.858300,-0.306610,1.000000,1.000000
203,204,53,942,194,0.182490,48.369245,0.000000,1.000000,1,4.316110,-0.061245,1.000000,1.000000,-4.314770,0.417109,1.000000,1.000000
204,205,53,943,194,0.165058,48.215443,0.000000,1.000000,1,4.323440,-0.235852,1.000000,1.000000,-4.322210,0.595061,1.000000,1.000000
205,51,54,166,205,6.815700,45.761943,0.034531,0.000000,1,0.967996,-0.223578,1.000000,1.000000,-0.964914,0.209285,1.000000,1.000000
206,66,54,249,205,16.000431,101.105539,0.017210,0.000000,1,0.864982,-0.133224,1.000000,1.000000,-0.863829,0.123096,1.000000,1.000000
207,164,54,786,205,0.313282,21.047969,0.000000,1.052174,1,-0.923272,0.188543,1.000000,1.000000,0.923959,-0.142390,1.000000,1.000000
208,165,54,787,205,0.340809,23.091792,0.000000,1.052174,1,-0.909701,0.168280,1.000000,1.000000,0.910299,-0.127733,1.000000,1.000000
209,33,55,89,211,7.553512,49.879136,0.030164,-0.000000,1,2.436350,-0.559443,1.000000,1.000000,-2.418070,0.649487,1.000000,1.000000
210,56,55,212,211,13.509546,83.458972,0.010646,-0.000000,1,-1.310480,0.295200,1.000000,1.000000,1.313860,-0.285104,1.000000,1.000000
211,166,55,790,211,0.107083,4.497475,0.000000,1.052174,1,-0.566553,0.081358,1.000000,1.000000,0.568449,-0.001709,1.000000,1.000000
212,167,55,791,211,0.102881,4.415501,0.000000,1.052174,1,-0.559311,0.182891,1.000000,1.000000,0.561309,-0.097136,1.000000,1.000000
213,55,56,211,212,13.509546,83.458972,0.010646,0.000000,1,1.313860,-0.285104,1.000000,1.000000,-1.310480,0.295200,1.000000,1.000000
214,50,57,158,231,25.498376,356.527790,0.665566,-0.000000,2,4.165080,0.482877,1.000000,1.000000,-4.161700,-1.144150,1.000000,1.000000
215,58,57,232,231,14.072845,218.084524,4.101817,0.000000,4,-27.738000,3.974940,1.000000,1.000000,27.960900,-4.850800,1.000000,1.000000
216,64,57,246,231,28.578039,337.398210,1.220854,-0.000000,2,18.950000,-3.948060,1.000000,1.000000,-18.863600,3.656650,1.000000,1.000000
217,90,57,349,231,34.731602,506.005172,0.453891,0.000000,2,1.100420,-2.073100,1.000000,1.000000,-1.099850,1.595390,1.000000,1.000000
218,176,57,860,231,0.229030,56.012059,0.000000,1.000000,1,1.755330,0.807921,1.000000,1.000000,-1.755070,-0.745478,1.000000,1.000000
219,178,57,862,231,0.231097,56.264172,0.000000,1.000000,1,1.767320,0.755677,1.000000,1.000000,-1.767070,-0.694170,1.000000,1.000000
220,57,58,231,232,14.072845,218.084524,4.101817,-0.000000,4,27.960900,-4.850800,1.000000,1.000000,-27.738000,3.974940,1.000000,1.000000
221,67,58,250,232,32.592052,451.574155,0.130815,-0.000000,1,-7.614640,0.488658,1.000000,1.000000,7.623520,-0.502097,1.000000,1.000000
222,168,58,803,232,0.520367,41.996240,0.000000,1.047619,1,-5.044280,0.294069,1.000000,1.000000,5.052210,0.345278,1.000000,1.000000
223,169,58,804,232,0.520175,42.059863,0.000000,1.047619,1,-2.244560,-0.136692,1.000000,1.000000,2.246120,0.263129,1.000000,1.000000
224,170,58,805,232,0.519936,42.121905,0.000000,1.047619,1,-0.182525,-0.218554,1.000000,1.000000,0.182550,0.220578,1.000000,1.000000
225,171,58,806,232,0.519737,42.185909,0.000000,1.047619,1,-4.651900,0.261480,1.000000,1.000000,4.658570,0.279695,1.000000,1.000000
226,172,58,807,232,0.519491,42.248324,0.000000,1.047619,1,-2.281420,-0.135627,1.000000,1.000000,2.283020,0.265647,1.000000,1.000000
227,173,58,808,232,0.521030,42.310879,0.000000,1.047619,1,-5.941480,0.541239,1.000000,1.000000,5.952380,0.343473,1.000000,1.000000
228,33,59,89,235,4.614055,25.241013,0.036484,-0.000000,1,0.998340,-0.281891,1.000000,1.000000,-0.990968,0.285108,1.000000,1.000000
229,60,59,236,235,13.541948,70.067740,0.013687,0.000000,1,-0.998340,0.281891,1.000000,1.000000,1.001170,-0.281080,1.000000,1.000000
230,59,60,235,236,13.541948,70.067740,0.013687,-0.000000,1,1.001170,-0.281080,1.000000,1.000000,-0.998340,0.281891,1.000000,1.000000
231,78,61,287,240,8.002708,61.085178,0.163929,-0.000000,3,1.940000,-0.704531,1.000000,1.000000,-1.931320,0.604437,1.000000,1.000000
232,45,62,138,242,32.665873,187.104395,0.038678,0.000000,2,0.896398,1.139780,1.000000,1.000000,-0.894554,-1.169780,1.000000,1.000000
233,94,62,354,242,52.243621,218.604370,0.036620,-0.000000,2,-1.162890,-0.765005,1.000000,1.000000,1.164760,0.734014,1.000000,1.000000
234,132,62,573,242,16.663053,101.764785,0.034385,0.000000,1,-0.140355,-0.314447,1.000000,1.000000,0.140515,0.279024,1.000000,1.000000
235,41,63,115,245,25.698107,361.645199,0.623105,0.000000,2,3.426980,-3.680990,1.000000,1.000000,-3.422860,3.056940,1.000000,1.000000
236,53,63,194,245,127.131661,1844.892917,0.571907,0.000000,4,-24.720000,4.901150,1.000000,1.000000,24.741900,-5.204220,1.000000,1.000000
237,64,63,246,245,21.793477,276.777307,0.813821,-0.000000,2,12.913500,-0.409076,1.000000,1.000000,-12.870100,0.078801,1.000000,1.000000
238,194,63,930,245,0.279088,57.986479,0.000000,1.000000,1,4.185840,-0.405238,1.000000,1.000000,-4.184490,0.686054,1.000000,1.000000
239,196,63,932,245,0.304564,58.171762,0.000000,1.000000,1,4.193730,-0.405745,1.000000,1.000000,-4.192260,0.686718,1.000000,1.000000
240,57,64,231,246,28.578039,337.398210,1.220854,0.000000,2,-18.863600,3.656650,1.000000,1.000000,18.950000,-3.948060,1.000000,1.000000
241,63,64,245,246,21.793477,276.777307,0.813821,0.000000,2,-12.870100,0.078801,1.000000,1.000000,12.913500,-0.409076,1.000000,1.000000
242,111,64,427,246,20.604811,286.203554,0.791118,0.000000,2,11.642100,-0.926447,1.000000,1.000000,-11.610700,0.508774,1.000000,1.000000
243,137,64,625,246,4.151731,83.889976,2.924614,0.000000,2,16.263200,-1.660900,1.000000,1.000000,-16.119100,1.386030,1.000000,1.000000
244,209,64,959,246,0.230418,53.667234,0.000000,1.000000,1,1.921300,-0.662353,1.000000,1.000000,-1.921000,0.733575,1.000000,1.000000
245,211,64,961,246,0.232991,53.303886,0.000000,1.000000,1,1.907150,-0.485237,1.000000,1.000000,-1.906860,0.552474,1.000000,1.000000
246,1,65,3,247,18.084573,259.752373,0.855484,0.000000,2,0.102922,1.464490,1.000000,1.000000,-0.102021,-2.406200,1.000000,1.000000
247,7,65,10,247,32.688283,527.570373,0.472022,-0.000000,2,24.444700,-9.874510,1.000000,1.000000,-24.372900,10.496100,1.000000,1.000000
248,83,65,316,247,176.943800,2363.461955,0.100212,-0.000000,2,0.000000,-0.112577,1.000000,1.000000,-0.000000,-0.000000,1.000000,1.000000
249,86,65,335,247,15.068430,246.912503,0.973040,-0.000000,2,-24.533900,7.329180,1.000000,1.000000,24.679500,-6.017140,1.000000,1.000000
250,181,65,883,247,0.261590,68.964525,0.000000,1.000000,1,-0.006297,0.861770,1.000000,1.000000,0.006333,-0.852184,1.000000,1.000000
251,183,65,885,247,0.510488,70.742690,0.000000,1.000000,1,-0.006864,0.907792,1.000000,1.000000,0.006939,-0.897422,1.000000,1.000000
252,51,66,166,249,7.218919,45.990000,0.037761,-0.000000,1,0.577474,-0.182852,1.000000,1.000000,-0.576288,0.152150,1.000000,1.000000
253,54,66,205,249,16.000431,101.105539,0.017210,-0.000000,1,-0.863829,0.123096,1.000000,1.000000,0.864982,-0.133224,1.000000,1.000000
254,240,66,1369,249,0.089496,5.141867,0.000000,0.980435,1,0.286356,0.059756,1.000000,1.000000,-0.286080,-0.043947,1.000000,1.000000
255,58,67,232,250,32.592052,451.574155,0.130815,0.000000,1,7.623520,-0.502097,1.000000,1.000000,-7.614640,0.488658,1.000000,1.000000
256,130,67,559,250,26.609831,318.806242,0.164308,-0.000000,1,-3.595080,-0.177391,1.000000,1.000000,3.598300,0.044296,1.000000,1.000000
257,174,67,815,250,1.404819,50.111069,0.000000,0.997733,1,-1.499160,0.248329,1.000000,1.000000,1.500390,-0.204411,1.000000,1.000000
258,175,67,816,250,1.413109,50.394105,0.000000,0.997733,1,-2.529280,0.431165,1.000000,1.000000,2.532770,-0.306663,1.000000,1.000000
259,32,68,86,251,10.575820,62.134305,0.072586,-0.000000,2,0.378014,-0.078119,1.000000,1.000000,-0.377666,-0.000015,1.000000,1.000000
260,69,68,253,251,9.219204,50.235409,0.077978,-0.000000,2,1.794850,0.231552,1.000000,1.000000,-1.784310,-0.259394,1.000000,1.000000
261,71,68,262,251,39.324135,210.347186,0.018603,-0.000000,2,0.746903,-0.040784,1.000000,1.000000,-0.746469,0.022560,1.000000,1.000000
262,79,68,289,251,35.313827,252.174248,0.027618,0.000000,2,0.811379,-0.180879,1.000000,1.000000,-0.811041,0.152769,1.000000,1.000000
263,127,68,541,251,9.973119,56.885571,0.077461,0.000000,2,-0.095971,0.010265,1.000000,1.000000,0.096004,-0.095624,1.000000,1.000000
264,131,68,567,251,9.559165,98.098018,0.019609,0.000000,1,0.191792,-0.152514,1.000000,1.000000,-0.191741,0.131342,1.000000,1.000000
265,209,68,959,251,16.424919,-431.714054,0.000000,1.000000,1,-1.920570,0.194154,1.000000,1.000000,1.920860,-0.201954,1.000000,1.000000
266,211,68,961,251,16.856810,-425.407889,0.000000,1.002609,1,-1.906420,0.016285,1.000000,1.000000,1.906730,-0.024046,1.000000,1.000000
267,68,69,251,253,9.219204,50.235409,0.077978,0.000000,2,-1.784310,-0.259394,1.000000,1.000000,1.794850,0.231552,1.000000,1.000000
268,112,69,428,253,23.594461,157.268400,0.061264,-0.000000,2,0.462302,0.161575,1.000000,1.000000,-0.462085,-0.226369,1.000000,1.000000
269,15,70,32,255,48.408555,270.031648,0.033280,0.000000,2,-0.365681,-0.088830,1.000000,1.000000,0.365767,0.054653,1.000000,1.000000
270,245,70,1428,255,0.088880,4.099173,0.000000,1.016304,1,0.181587,0.052287,1.000000,1.000000,-0.181400,-0.043647,1.000000,1.000000
271,246,70,1429,255,0.088651,4.111419,0.000000,1.016304,1,0.184093,0.036546,1.000000,1.000000,-0.183910,-0.028048,1.000000,1.000000
272,68,71,251,262,39.324135,210.347186,0.018603,0.000000,2,-0.746469,0.022560,1.000000,1.000000,0.746903,-0.040784,1.000000,1.000000
273,73,72,269,268,9.510257,72.848998,0.024260,0.000000,1,0.343200,-0.216961,1.000000,1.000000,-0.342923,0.194360,1.000000,1.000000
274,78,72,287,268,6.480254,74.364114,0.026348,-0.000000,1,0.782080,-0.241741,1.000000,1.000000,-0.781320,0.223605,1.000000,1.000000
275,72,73,268,269,9.510257,72.848998,0.024260,-0.000000,1,-0.342923,0.194360,1.000000,1.000000,0.343200,-0.216961,1.000000,1.000000
276,78,73,287,269,13.337977,114.499884,0.050884,-0.000000,2,0.655129,-0.103318,1.000000,1.000000,-0.654702,0.055029,1.000000,1.000000
277,10,74,16,274,4.493252,62.427600,0.953577,-0.000000,1,-0.680980,-2.221800,1.000000,1.000000,0.684849,1.268820,1.000000,1.000000
278,13,74,25,274,6.837153,99.020497,0.583802,-0.000000,1,-1.910560,-3.031930,1.000000,1.000000,1.918080,2.524070,1.000000,1.000000
279,216,74,983,274,0.158125,47.527991,0.000000,1.000000,1,0.859655,-0.298842,1.000000,1.000000,-0.859599,0.315813,1.000000,1.000000
280,217,74,984,274,0.135369,47.498783,0.000000,1.000000,1,0.866954,-0.301933,1.000000,1.000000,-0.866905,0.319210,1.000000,1.000000
281,218,74,985,274,0.000000,47.499169,0.000000,1.000000,1,0.864928,-0.307033,1.000000,1.000000,-0.864928,0.324303,1.000000,1.000000
282,93,75,353,280,3.784334,25.968087,0.215680,0.000000,2,2.927590,-0.437479,1.000000,1.000000,-2.880210,0.544885,1.000000,1.000000
283,24,76,44,281,48.521900,402.649526,0.012196,-0.000000,2,-2.001250,-0.502692,1.000000,1.000000,2.002470,0.500182,1.000000,1.000000
284,216,77,983,284,16.394504,-402.558127,0.000000,1.000000,1,-0.859518,0.313810,1.000000,1.000000,0.859599,-0.315810,1.000000,1.000000
285,217,77,984,284,17.014497,-376.162179,0.000000,1.000000,1,-0.866807,0.317030,1.000000,1.000000,0.866905,-0.319207,1.000000,1.000000
286,218,77,985,284,40.807137,-372.892804,0.000000,1.000000,1,-0.864689,0.322124,1.000000,1.000000,0.864927,-0.324298,1.000000,1.000000
287,61,78,240,287,8.002708,61.085178,0.163929,0.000000,3,-1.931320,0.604437,1.000000,1.000000,1.940000,-0.704531,1.000000,1.000000
288,72,78,268,287,6.480254,74.364114,0.026348,0.000000,1,-0.781320,0.223605,1.000000,1.000000,0.782080,-0.241741,1.000000,1.000000
289,73,78,269,287,13.337977,114.499884,0.050884,0.000000,2,-0.654702,0.055029,1.000000,1.000000,0.655129,-0.103318,1.000000,1.000000
290,89,78,347,287,45.808520,325.695576,0.018825,0.000000,2,1.541410,0.344360,1.000000,1.000000,-1.540370,-0.356178,1.000000,1.000000
291,117,78,450,287,14.623280,115.334258,0.074066,0.000000,2,-0.365636,0.575451,1.000000,1.000000,0.366176,-0.646470,1.000000,1.000000
292,134,78,582,287,19.250274,101.056001,0.015572,-0.000000,1,-0.066816,0.123803,1.000000,1.000000,0.066855,-0.139483,1.000000,1.000000
293,214,78,976,287,8.729516,-440.355582,0.000000,1.052174,1,1.138870,-0.971823,1.000000,1.000000,-1.138760,0.966307,1.000000,1.000000
294,215,78,977,287,9.293632,-454.355358,0.000000,1.052174,1,1.119520,-0.954927,1.000000,1.000000,-1.119410,0.949763,1.000000,1.000000
295,68,79,251,289,35.313827,252.174248,0.027618,-0.000000,2,-0.811041,0.152769,1.000000,1.000000,0.811379,-0.180879,1.000000,1.000000
296,30,80,80,293,9.147441,51.463918,0.028730,0.000000,1,0.056761,-0.051569,1.000000,1.000000,-0.056746,0.022443,1.000000,1.000000
297,81,80,294,293,4.675278,26.808977,0.052352,0.000000,1,0.096360,0.008447,1.000000,1.000000,-0.096295,-0.061178,1.000000,1.000000
298,30,81,80,294,2.994059,17.410106,0.054300,-0.000000,1,-0.043279,-0.062572,1.000000,1.000000,0.043308,0.007634,1.000000,1.000000
299,80,81,293,294,4.675278,26.808977,0.052352,-0.000000,1,-0.096295,-0.061178,1.000000,1.000000,0.096360,0.008447,1.000000,1.000000
300,26,82,54,296,39.869445,246.178664,0.028205,0.000000,2,-0.909962,-0.089554,1.000000,1.000000,0.910461,0.062421,1.000000,1.000000
301,65,83,247,316,176.943800,2363.461955,0.100212,0.000000,2,-0.000000,-0.000000,1.000000,1.000000,0.000000,-0.112577,1.000000,1.000000
302,127,84,541,322,9.287918,53.782347,0.018168,0.000000,1,0.612816,-0.140721,1.000000,1.000000,-0.611706,0.127105,1.000000,1.000000
303,194,84,930,322,14.262328,-589.625513,0.000000,1.000000,1,-4.183800,0.319639,1.000000,1.000000,4.184460,-0.346702,1.000000,1.000000
304,196,84,932,322,13.260370,-598.508603,0.000000,1.000000,1,-4.191630,0.304725,1.000000,1.000000,4.192220,-0.331474,1.000000,1.000000
305,50,85,158,334,26.051368,470.143579,0.550997,-0.000000,2,-15.296600,2.058560,1.000000,1.000000,15.323000,-2.168700,1.000000,1.000000
306,86,85,335,334,25.924016,344.253498,0.703831,0.000000,2,15.209000,-3.759900,1.000000,1.000000,-15.159500,3.661270,1.000000,1.000000
307,221,85,999,334,0.270006,55.391139,0.000000,1.000000,1,0.043821,0.850742,1.000000,1.000000,-0.043761,-0.838460,1.000000,1.000000
308,222,85,1000,334,0.266908,55.388101,0.000000,1.000000,1,0.043766,0.850693,1.000000,1.000000,-0.043707,-0.838412,1.000000,1.000000
309,4,86,7,335,3.927109,72.767305,3.154005,-0.000000,2,-9.519320,0.735643,1.000000,1.000000,9.585360,-2.866530,1.000000,1.000000
310,65,86,247,335,15.068430,246.912503,0.973040,0.000000,2,24.679500,-6.017140,1.000000,1.000000,-24.533900,7.329180,1.000000,1.000000
311,85,86,334,335,25.924016,344.253498,0.703831,-0.000000,2,-15.159500,3.661270,1.000000,1.000000,15.209000,-3.759900,1.000000,1.000000
312,88,87,346,345,3.741128,21.330571,0.046206,0.000000,1,1.255320,-0.174500,1.000000,1.000000,-1.242730,0.199585,1.000000,1.000000
313,33,88,89,346,4.724301,38.892633,0.181104,-0.000000,2,1.577520,-0.475955,1.000000,1.000000,-1.569480,0.358220,1.000000,1.000000
314,87,88,345,346,3.741128,21.330571,0.046206,-0.000000,1,-1.242730,0.199585,1.000000,1.000000,1.255320,-0.174500,1.000000,1.000000
315,106,88,407,346,10.349617,60.018245,0.066074,0.000000,2,0.910618,-0.057140,1.000000,1.000000,-0.908325,0.003859,1.000000,1.000000
316,107,88,408,346,7.024587,40.816132,0.101847,0.000000,2,-1.071240,0.099628,1.000000,1.000000,1.075990,-0.174994,1.000000,1.000000
317,247,88,1559,346,0.093473,6.365986,0.000000,1.028261,1,-0.088279,0.117723,1.000000,1.000000,0.088332,-0.114162,1.000000,1.000000
318,248,88,1562,346,0.095307,6.350115,0.000000,1.028261,1,-0.085894,0.116141,1.000000,1.000000,0.085946,-0.112701,1.000000,1.000000
319,78,89,287,347,45.808520,325.695576,0.018825,-0.000000,2,-1.540370,-0.356178,1.000000,1.000000,1.541410,0.344360,1.000000,1.000000
320,53,90,194,349,43.628400,667.431809,0.333247,-0.000000,2,-3.648140,-2.604200,1.000000,1.000000,3.649880,2.271450,1.000000,1.000000
321,57,90,231,349,34.731602,506.005172,0.453891,-0.000000,2,-1.099850,1.595390,1.000000,1.000000,1.100420,-2.073100,1.000000,1.000000
322,252,90,1859,349,0.228989,48.838975,0.000000,1.000000,1,1.586050,0.299838,1.000000,1.000000,-1.585820,-0.250189,1.000000,1.000000
323,253,90,1860,349,0.229532,48.644147,0.000000,1.000000,1,1.575860,0.408771,1.000000,1.000000,-1.575620,-0.358062,1.000000,1.000000
324,255,90,1862,349,0.224262,48.843790,0.000000,1.000000,1,1.586080,0.300221,1.000000,1.000000,-1.585850,-0.250570,1.000000,1.000000
325,14,91,31,351,32.044132,151.064279,0.080000,-0.000000,2,-0.053833,0.749401,1.000000,1.000000,0.054633,-0.829805,1.000000,1.000000
326,92,91,352,351,7.190694,42.844080,0.040000,0.000000,1,0.138000,-0.133851,1.000000,1.000000,-0.137885,0.092165,1.000000,1.000000
327,94,91,354,351,46.971509,203.886136,0.037019,-0.000000,2,-0.980983,-0.566655,1.000000,1.000000,0.982263,0.532945,1.000000,1.000000
328,91,92,351,352,7.190694,42.844080,0.040000,-0.000000,1,-0.137885,0.092165,1.000000,1.000000,0.138000,-0.133851,1.000000,1.000000
329,94,92,354,352,19.735838,141.660634,0.052948,-0.000000,2,-1.102000,-0.097744,1.000000,1.000000,1.103110,0.049427,1.000000,1.000000
330,29,93,74,353,22.128599,146.532516,0.039508,0.000000,2,2.404680,-0.682682,1.000000,1.000000,-2.398480,0.683648,1.000000,1.000000
331,75,93,280,353,3.784334,25.968087,0.215680,-0.000000,2,-2.880210,0.544885,1.000000,1.000000,2.927590,-0.437479,1.000000,1.000000
332,256,93,1876,353,0.212699,13.362025,0.000000,1.040217,1,0.237880,0.068803,1.000000,1.000000,-0.237802,-0.063897,1.000000,1.000000
333,257,93,1879,353,0.216091,13.361916,0.000000,1.056957,1,0.237654,0.069014,1.000000,1.000000,-0.237572,-0.063955,1.000000,1.000000
334,62,94,242,354,52.243621,218.604370,0.036620,0.000000,2,1.164760,0.734014,1.000000,1.000000,-1.162890,-0.765005,1.000000,1.000000
335,91,94,351,354,46.971509,203.886136,0.037019,0.000000,2,0.982263,0.532945,1.000000,1.000000,-0.980983,-0.566655,1.000000,1.000000
336,92,94,352,354,19.735838,141.660634,0.052948,0.000000,2,1.103110,0.049427,1.000000,1.000000,-1.102000,-0.097744,1.000000,1.000000
337,95,94,355,354,15.074425,112.042322,0.063890,0.000000,2,0.724017,-0.013585,1.000000,1.000000,-0.723436,-0.050032,1.000000,1.000000
338,132,94,573,354,26.695028,216.908106,0.028566,0.000000,2,0.772687,0.196500,1.000000,1.000000,-0.772350,-0.224127,1.000000,1.000000
339,252,94,1859,354,3.890625,-319.952690,0.000000,1.000000,1,-1.585730,-0.257769,1.000000,1.000000,1.585820,0.250192,1.000000,1.000000
340,253,94,1860,354,3.723941,-321.603711,0.000000,1.000000,1,-1.575360,-0.983402,1.000000,1.000000,1.575480,0.973328,1.000000,1.000000
341,255,94,1862,354,3.688271,-320.059930,0.000000,1.000000,1,-1.585760,-0.258149,1.000000,1.000000,1.585850,0.250573,1.000000,1.000000
342,94,95,354,355,15.074425,112.042322,0.063890,-0.000000,2,-0.723436,-0.050032,1.000000,1.000000,0.724017,-0.013585,1.000000,1.000000
343,132,95,573,355,18.271157,103.181526,0.032173,0.000000,1,-0.295140,0.075340,1.000000,1.000000,0.295290,-0.108661,1.000000,1.000000
344,4,96,7,371,5.580896,95.409618,2.313181,0.000000,2,13.941200,-1.831250,1.000000,1.000000,-13.825500,1.410670,1.000000,1.000000
345,120,96,462,371,35.007688,670.102158,0.276229,-0.000000,2,-4.961250,0.388898,1.000000,1.000000,4.963130,-0.636853,1.000000,1.000000
346,128,96,550,371,11.712696,203.825917,0.286338,-0.000000,1,-2.199770,-1.070930,1.000000,1.000000,2.201330,0.802023,1.000000,1.000000
347,258,96,1958,371,0.240791,51.439202,0.000000,1.047619,1,-3.377380,1.248090,1.000000,1.000000,3.378640,-0.979141,1.000000,1.000000
348,260,96,1960,371,0.235679,52.047025,0.000000,1.047619,1,-3.402820,1.265230,1.000000,1.000000,3.404050,-0.994995,1.000000,1.000000
349,24,97,44,372,6.992570,41.740755,0.086251,-0.000000,2,-2.175680,0.783824,1.000000,1.000000,2.195770,-0.754023,1.000000,1.000000
350,24,98,44,375,14.258570,102.150169,0.077738,0.000000,2,1.201230,-0.239582,1.000000,1.000000,-1.199310,0.172916,1.000000,1.000000
351,4,99,7,383,113.497633,1566.388918,0.138574,-0.000000,2,-23.463500,-2.004020,1.000000,1.000000,23.488000,2.197690,1.000000,1.000000
352,110,99,423,383,39.971553,347.878245,0.684711,-0.000000,2,-19.187400,-4.253680,1.000000,1.000000,19.307500,4.573250,1.000000,1.000000
353,116,99,449,383,26.716855,350.406574,1.576161,-0.000000,3,-28.939400,-1.958480,1.000000,1.000000,29.113800,2.584840,1.000000,1.000000
354,258,100,1958,385,4.053500,-251.633671,0.000000,1.050000,1,3.380080,-0.061361,1.000000,1.000000,-3.379260,0.010634,1.000000,1.000000
355,260,100,1960,385,4.619941,-258.716673,0.000000,1.050000,1,3.405570,-0.076742,1.000000,1.000000,-3.404670,0.026651,1.000000,1.000000
356,19,101,39,393,28.189414,396.541753,0.615906,-0.000000,2,-6.135540,1.188990,1.000000,1.000000,6.142580,-1.710030,1.000000,1.000000
357,102,101,394,393,26.557933,362.247186,0.662514,-0.000000,2,-0.371866,0.548590,1.000000,1.000000,0.372049,-1.213360,1.000000,1.000000
358,114,101,434,393,3.513027,50.424077,1.145222,0.000000,1,4.995540,-1.708050,1.000000,1.000000,-4.959810,1.041280,1.000000,1.000000
359,273,101,2093,393,0.108806,46.189120,0.000000,1.000000,1,0.756145,-0.014759,1.000000,1.000000,-0.756116,0.027025,1.000000,1.000000
360,274,101,2094,393,0.104920,45.808280,0.000000,1.000000,1,0.755723,-0.014748,1.000000,1.000000,-0.755695,0.027102,1.000000,1.000000
361,20,102,40,394,95.316424,1304.078765,0.190228,-0.000000,2,-3.145050,0.835426,1.000000,1.000000,3.145650,-1.018300,1.000000,1.000000
362,101,102,393,394,26.557933,362.247186,0.662514,0.000000,2,0.372049,-1.213360,1.000000,1.000000,-0.371866,0.548590,1.000000,1.000000
363,263,102,1991,394,0.104394,46.157161,0.000000,1.000000,1,1.385730,0.188790,1.000000,1.000000,-1.385630,-0.146619,1.000000,1.000000
364,264,102,1992,394,0.104732,46.231848,0.000000,1.000000,1,1.387270,0.189148,1.000000,1.000000,-1.387180,-0.146950,1.000000,1.000000
365,40,103,111,395,33.451292,246.046369,0.028703,0.000000,2,-2.040150,0.663546,1.000000,1.000000,2.042590,-0.675072,1.000000,1.000000
366,104,103,399,395,16.434751,120.082394,0.068893,-0.000000,2,0.826182,-0.815111,1.000000,1.000000,-0.824777,0.754159,1.000000,1.000000
367,265,103,1993,395,0.152649,10.975307,0.000000,1.042609,1,0.608544,0.072821,1.000000,1.000000,-0.608041,-0.036644,1.000000,1.000000
368,266,103,1996,395,0.156199,10.864603,0.000000,1.028261,1,0.605410,0.078760,1.000000,1.000000,-0.604903,-0.043488,1.000000,1.000000
369,24,104,44,399,74.226375,516.842154,0.015107,0.000000,2,0.835526,0.963369,1.000000,1.000000,-0.835096,-0.976042,1.000000,1.000000
370,103,104,395,399,16.434751,120.082394,0.068893,0.000000,2,-0.824777,0.754159,1.000000,1.000000,0.826182,-0.815111,1.000000,1.000000
371,125,104,524,399,4.616999,36.172700,0.007476,0.000000,1,0.076594,-0.038338,1.000000,1.000000,-0.076570,0.030749,1.000000,1.000000
372,221,104,999,399,28.338245,-566.764906,0.000000,1.000000,1,-0.043699,-0.839657,1.000000,1.000000,0.043759,0.838459,1.000000,1.000000
373,222,104,1000,399,28.338245,-566.764906,0.000000,1.000000,1,-0.043645,-0.839608,1.000000,1.000000,0.043704,0.838411,1.000000,1.000000
374,35,105,91,402,7.362262,39.846330,0.095502,-0.000000,2,-0.622524,-0.053012,1.000000,1.000000,0.624246,-0.034332,1.000000,1.000000
375,267,105,2006,402,0.106510,10.119415,0.000000,1.060000,1,0.289638,0.014726,1.000000,1.000000,-0.289540,-0.005473,1.000000,1.000000
376,296,105,2549,402,0.155797,12.128180,0.000000,1.060000,1,0.332878,0.038293,1.000000,1.000000,-0.332746,-0.027988,1.000000,1.000000
377,88,106,346,407,10.349617,60.018245,0.066074,-0.000000,2,-0.908325,0.003859,1.000000,1.000000,0.910618,-0.057140,1.000000,1.000000
378,88,107,346,408,7.024587,40.816132,0.101847,-0.000000,2,1.075990,-0.174994,1.000000,1.000000,-1.071240,0.099628,1.000000,1.000000
379,2,108,4,412,16.531155,208.331857,1.155164,0.000000,2,-31.651800,-9.975850,1.000000,1.000000,32.066400,13.971700,1.000000,1.000000
380,2,109,4,414,16.531155,208.331857,1.155164,0.000000,2,-31.466500,-7.350990,1.000000,1.000000,31.850000,10.938400,1.000000,1.000000
381,50,110,158,423,4.085326,69.670958,3.567994,0.000000,2,6.628050,-1.423990,1.000000,1.000000,-6.593680,-1.807160,1.000000,1.000000
382,99,110,383,423,39.971553,347.878245,0.684711,0.000000,2,19.307500,4.573250,1.000000,1.000000,-19.187400,-4.253680,1.000000,1.000000
383,141,110,648,423,0.562819,44.591951,0.000000,1.047619,1,-5.742840,-0.459258,1.000000,1.000000,5.752400,1.216690,1.000000,1.000000
384,142,110,649,423,0.562819,44.591951,0.000000,1.047619,1,4.358480,-0.742008,1.000000,1.000000,-4.352850,1.188080,1.000000,1.000000
385,143,110,650,423,0.562819,44.591951,0.000000,1.047619,1,-5.961970,-0.268918,1.000000,1.000000,5.972230,1.081720,1.000000,1.000000
386,144,110,651,423,0.562819,44.591951,0.000000,1.047619,1,-5.763250,-0.334000,1.000000,1.000000,5.772850,1.094520,1.000000,1.000000
387,145,110,652,423,0.562819,44.591951,0.000000,1.047619,1,-5.767220,-0.399967,1.000000,1.000000,5.776850,1.162640,1.000000,1.000000
388,146,110,653,423,0.562819,44.591951,0.000000,1.047619,1,-5.769010,-0.340320,1.000000,1.000000,5.778630,1.102460,1.000000,1.000000
389,147,110,654,423,0.562819,44.591951,0.000000,1.047619,1,-1.289600,-0.604776,1.000000,1.000000,1.290180,0.651074,1.000000,1.000000
390,10,111,16,427,36.141019,485.471528,0.508983,-0.000000,2,11.826500,-2.205010,1.000000,1.000000,-11.806200,1.926660,1.000000,1.000000
391,64,111,246,427,20.604811,286.203554,0.791118,-0.000000,2,-11.610700,0.508774,1.000000,1.000000,11.642100,-0.926447,1.000000,1.000000
392,113,111,429,427,23.233356,265.129431,0.216625,-0.000000,1,-3.437150,1.637310,1.000000,1.000000,3.441670,-1.818420,1.000000,1.000000
393,269,111,2070,427,0.178646,55.026108,0.000000,1.000000,1,1.595850,0.054341,1.000000,1.000000,-1.595720,-0.011425,1.000000,1.000000
394,271,111,2072,427,0.183892,54.905221,0.000000,1.000000,1,1.625540,0.004671,1.000000,1.000000,-1.625390,0.039903,1.000000,1.000000
395,69,112,253,428,23.594461,157.268400,0.061264,0.000000,2,-0.462085,-0.226369,1.000000,1.000000,0.462302,0.161575,1.000000,1.000000
396,269,112,2070,428,47.314969,-610.963930,0.000000,1.000000,1,-1.595260,-0.515196,1.000000,1.000000,1.595580,0.510961,1.000000,1.000000
397,271,112,2072,428,31.375471,-498.023345,0.000000,1.000000,1,-1.625080,0.034997,1.000000,1.000000,1.625390,-0.039892,1.000000,1.000000
398,111,113,427,429,23.233356,265.129431,0.216625,0.000000,1,3.441670,-1.818420,1.000000,1.000000,-3.437150,1.637310,1.000000,1.000000
399,272,113,2091,429,0.562690,48.316632,0.000000,1.000000,1,-3.441660,1.818450,1.000000,1.000000,3.445080,-1.525140,1.000000,1.000000
400,37,114,98,434,99.009901,990.099010,0.001000,0.000000,1,4.959820,-1.041260,1.000000,1.000000,-4.957370,1.064660,1.000000,1.000000
401,101,114,393,434,3.513027,50.424077,1.145222,-0.000000,1,-4.959810,1.041280,1.000000,1.000000,4.995540,-1.708050,1.000000,1.000000
402,273,115,2093,435,5.778343,-268.692939,0.000000,1.000000,1,-0.756070,0.024916,1.000000,1.000000,0.756116,-0.027024,1.000000,1.000000
403,274,115,2094,435,5.350539,-256.957996,0.000000,1.000000,1,-0.755649,0.024899,1.000000,1.000000,0.755695,-0.027101,1.000000,1.000000
404,99,116,383,449,26.716855,350.406574,1.576161,0.000000,3,29.113800,2.584840,1.000000,1.000000,-28.939400,-1.958480,1.000000,1.000000
405,148,116,663,449,0.556954,44.596077,0.000000,1.047619,1,-5.993480,-0.500660,1.000000,1.000000,6.003910,1.335440,1.000000,1.000000
406,149,116,664,449,0.554965,44.596127,0.000000,1.047619,1,-5.279820,-0.593394,1.000000,1.000000,5.287930,1.244850,1.000000,1.000000
407,150,116,665,449,0.554965,44.596127,0.000000,1.047619,1,-5.948490,-0.521828,1.000000,1.000000,5.958730,1.344710,1.000000,1.000000
408,151,116,666,449,0.554965,44.596127,0.000000,1.047619,1,-5.946970,-0.562935,1.000000,1.000000,5.957220,1.386430,1.000000,1.000000
409,152,116,667,449,0.554965,44.596127,0.000000,1.047619,1,-5.944970,-0.405918,1.000000,1.000000,5.955170,1.225350,1.000000,1.000000
410,78,117,287,450,14.623280,115.334258,0.074066,-0.000000,2,0.366176,-0.646470,1.000000,1.000000,-0.365636,0.575451,1.000000,1.000000
411,47,118,145,452,12.853176,53.023072,0.018180,0.000000,1,0.649836,-0.049634,1.000000,1.000000,-0.648066,0.038163,1.000000,1.000000
412,276,119,2228,461,23.012071,-646.429991,0.000000,1.052174,1,1.810550,-0.023796,1.000000,1.000000,-1.810350,0.018177,1.000000,1.000000
413,96,120,371,462,35.007688,670.102158,0.276229,0.000000,2,4.963130,-0.636853,1.000000,1.000000,-4.961250,0.388898,1.000000,1.000000
414,121,120,465,462,7.713221,141.332548,1.545067,-0.000000,2,-3.153630,-0.443564,1.000000,1.000000,3.157410,-1.073610,1.000000,1.000000
415,276,120,2228,462,0.271909,58.666971,0.000000,1.047619,1,-1.809490,1.080420,1.000000,1.000000,1.809870,-0.999567,1.000000,1.000000
416,120,121,462,465,7.713221,141.332548,1.545067,0.000000,2,3.157410,-1.073610,1.000000,1.000000,-3.153630,-0.443564,1.000000,1.000000
417,278,121,2234,465,0.224222,51.360089,0.000000,1.047619,1,-1.607630,0.558238,1.000000,1.000000,1.607900,-0.497901,1.000000,1.000000
418,287,121,2408,465,0.190579,52.177754,0.000000,1.047619,1,-1.549780,0.515366,1.000000,1.000000,1.549980,-0.460664,1.000000,1.000000
419,33,122,89,474,7.782393,81.045597,0.011109,0.000000,1,0.211083,-0.252771,1.000000,1.000000,-0.210961,0.242730,1.000000,1.000000
420,126,122,539,474,8.660964,44.391018,0.010121,-0.000000,1,-0.214789,0.077945,1.000000,1.000000,0.215010,-0.087081,1.000000,1.000000
421,279,122,2258,474,0.174404,3.930323,0.000000,1.011180,1,0.002832,0.079520,1.000000,1.000000,-0.002760,-0.077901,1.000000,1.000000
422,288,122,2441,474,0.174404,3.930323,0.000000,1.011180,1,0.000873,0.095303,1.000000,1.000000,-0.000770,-0.092981,1.000000,1.000000
423,47,123,145,495,8.660964,44.391018,0.009186,0.000000,1,0.332004,0.079099,1.000000,1.000000,-0.331525,-0.086140,1.000000,1.000000
424,51,124,166,510,28.007417,314.462710,0.031552,0.000000,2,2.513320,-0.752216,1.000000,1.000000,-2.511410,0.741640,1.000000,1.000000
425,284,124,2376,510,0.186387,12.219406,0.000000,1.052174,1,-1.323050,0.351819,1.000000,1.000000,1.325610,-0.183992,1.000000,1.000000
426,285,124,2377,510,0.167311,11.037672,0.000000,1.052174,1,-1.105140,0.385853,1.000000,1.000000,1.107200,-0.250022,1.000000,1.000000
427,286,124,2378,510,0.049142,1.151750,0.000000,1.052174,1,-0.085118,0.014556,1.000000,1.000000,0.085420,-0.007483,1.000000,1.000000
428,104,125,399,524,4.616999,36.172700,0.007476,-0.000000,1,-0.076570,0.030749,1.000000,1.000000,0.076594,-0.038338,1.000000,1.000000
429,122,126,474,539,8.660964,44.391018,0.010121,0.000000,1,0.215010,-0.087081,1.000000,1.000000,-0.214789,0.077945,1.000000,1.000000
430,68,127,251,541,9.973119,56.885571,0.077461,-0.000000,2,0.096004,-0.095624,1.000000,1.000000,-0.095971,0.010265,1.000000,1.000000
431,84,127,322,541,9.287918,53.782347,0.018168,-0.000000,1,-0.611706,0.127105,1.000000,1.000000,0.612816,-0.140721,1.000000,1.000000
432,96,128,371,550,11.712696,203.825917,0.286338,0.000000,1,2.201330,0.802023,1.000000,1.000000,-2.199770,-1.070930,1.000000,1.000000
433,289,128,2475,550,0.313231,17.838897,0.000000,1.047619,1,-1.090970,-0.398473,1.000000,1.000000,1.092370,0.478339,1.000000,1.000000
434,290,128,2476,550,0.312913,17.838908,0.000000,1.047619,1,-1.069340,-0.379371,1.000000,1.000000,1.070680,0.455592,1.000000,1.000000
435,291,128,2477,550,0.118069,17.354583,0.000000,1.047619,1,-0.041014,-0.024178,1.000000,1.000000,0.041015,0.024316,1.000000,1.000000
436,39,129,108,557,6.757014,149.800406,1.580420,0.000000,2,18.990500,-1.153350,1.000000,1.000000,-18.888100,1.741590,1.000000,1.000000
437,67,130,250,559,26.609831,318.806242,0.164308,0.000000,1,3.598300,0.044296,1.000000,1.000000,-3.595080,-0.177391,1.000000,1.000000
438,292,130,2506,559,0.218417,13.963064,0.000000,1.073810,1,-0.902055,-0.000054,1.000000,1.000000,0.903059,0.064264,1.000000,1.000000
439,293,130,2507,559,0.218417,13.963064,0.000000,1.073810,1,-0.894133,0.003627,1.000000,1.000000,0.895119,0.059462,1.000000,1.000000
440,294,130,2508,559,0.218605,13.962863,0.000000,1.073810,1,-0.907630,-0.031667,1.000000,1.000000,0.908649,0.096754,1.000000,1.000000
441,295,130,2509,559,0.218605,13.962863,0.000000,1.073810,1,-0.894481,-0.016197,1.000000,1.000000,0.895469,0.079355,1.000000,1.000000
442,68,131,251,567,9.559165,98.098018,0.019609,-0.000000,1,-0.191741,0.131342,1.000000,1.000000,0.191792,-0.152514,1.000000,1.000000
443,62,132,242,573,16.663053,101.764785,0.034385,-0.000000,1,0.140515,0.279024,1.000000,1.000000,-0.140355,-0.314447,1.000000,1.000000
444,94,132,354,573,26.695028,216.908106,0.028566,-0.000000,2,-0.772350,-0.224127,1.000000,1.000000,0.772687,0.196500,1.000000,1.000000
445,95,132,355,573,18.271157,103.181526,0.032173,-0.000000,1,0.295290,-0.108661,1.000000,1.000000,-0.295140,0.075340,1.000000,1.000000
446,43,133,126,580,29.444512,465.302198,0.516728,0.000000,2,-19.414800,2.203070,1.000000,1.000000,19.462700,-2.007000,1.000000,1.000000
447,53,133,194,580,33.547001,502.918139,0.471070,0.000000,2,12.858300,-0.306610,1.000000,1.000000,-12.838200,0.097731,1.000000,1.000000
448,297,133,2554,580,0.189481,50.946921,0.000000,1.000000,1,3.271710,-0.935381,1.000000,1.000000,-3.270930,1.144840,1.000000,1.000000
449,298,133,2556,580,0.197408,50.965037,0.000000,1.000000,1,3.284840,-0.961014,1.000000,1.000000,-3.284010,1.172830,1.000000,1.000000
450,78,134,287,582,19.250274,101.056001,0.015572,0.000000,1,0.066855,-0.139483,1.000000,1.000000,-0.066816,0.123803,1.000000,1.000000
451,26,135,54,589,65.434357,506.885322,0.014816,-0.000000,2,-0.515058,-0.247942,1.000000,1.000000,0.515134,0.232650,1.000000,1.000000
452,44,135,131,589,48.584795,351.319101,0.021535,-0.000000,2,0.493397,0.258749,1.000000,1.000000,-0.493283,-0.280967,1.000000,1.000000
453,50,136,158,623,12.180396,169.657581,0.287751,0.000000,1,1.101610,-2.941230,1.000000,1.000000,-1.097930,2.691810,1.000000,1.000000
454,299,136,2671,623,99.009901,990.099010,0.000000,1.000000,1,-1.101630,2.941180,1.000000,1.000000,1.102590,-2.931590,1.000000,1.000000
455,64,137,246,625,4.151731,83.889976,2.924614,-0.000000,2,-16.119100,1.386030,1.000000,1.000000,16.263200,-1.660900,1.000000,1.000000
456,153,137,668,625,99.009901,990.099010,0.000000,1.000000,1,1.817250,0.624512,1.000000,1.000000,-1.816920,-0.621149,1.000000,1.000000
457,156,137,671,625,99.009901,990.099010,0.000000,1.000000,1,1.796980,0.620964,1.000000,1.000000,-1.796650,-0.617672,1.000000,1.000000
458,3,138,6,637,0.404500,37.804285,0.000000,-1.047619,1,5.941570,1.677750,1.000000,1.000000,-5.931060,-0.695706,1.000000,1.000000
459,3,139,6,638,0.404500,37.804285,0.000000,-1.047619,1,5.968980,1.591120,1.000000,1.000000,-5.958410,-0.603431,1.000000,1.000000
460,3,140,6,639,0.404500,37.804285,0.000000,-1.047619,1,5.893500,1.287170,1.000000,1.000000,-5.883260,-0.330993,1.000000,1.000000
461,110,141,423,648,0.562819,44.591951,0.000000,-1.047619,1,5.752400,1.216690,1.000000,1.000000,-5.742840,-0.459258,1.000000,1.000000
462,110,142,423,649,0.562819,44.591951,0.000000,-1.047619,1,-4.352850,1.188080,1.000000,1.000000,4.358480,-0.742008,1.000000,1.000000
463,110,143,423,650,0.562819,44.591951,0.000000,-1.047619,1,5.972230,1.081720,1.000000,1.000000,-5.961970,-0.268918,1.000000,1.000000
464,110,144,423,651,0.562819,44.591951,0.000000,-1.047619,1,5.772850,1.094520,1.000000,1.000000,-5.763250,-0.334000,1.000000,1.000000
465,110,145,423,652,0.562819,44.591951,0.000000,-1.047619,1,5.776850,1.162640,1.000000,1.000000,-5.767220,-0.399967,1.000000,1.000000
466,110,146,423,653,0.562819,44.591951,0.000000,-1.047619,1,5.778630,1.102460,1.000000,1.000000,-5.769010,-0.340320,1.000000,1.000000
467,110,147,423,654,0.562819,44.591951,0.000000,-1.047619,1,1.290180,0.651074,1.000000,1.000000,-1.289600,-0.604776,1.000000,1.000000
468,116,148,449,663,0.556954,44.596077,0.000000,-1.047619,1,6.003910,1.335440,1.000000,1.000000,-5.993480,-0.500660,1.000000,1.000000
469,116,149,449,664,0.554965,44.596127,0.000000,-1.047619,1,5.287930,1.244850,1.000000,1.000000,-5.279820,-0.593394,1.000000,1.000000
470,116,150,449,665,0.554965,44.596127,0.000000,-1.047619,1,5.958730,1.344710,1.000000,1.000000,-5.948490,-0.521828,1.000000,1.000000
471,116,151,449,666,0.554965,44.596127,0.000000,-1.047619,1,5.957220,1.386430,1.000000,1.000000,-5.946970,-0.562935,1.000000,1.000000
472,116,152,449,667,0.554965,44.596127,0.000000,-1.047619,1,5.955170,1.225350,1.000000,1.000000,-5.944970,-0.405918,1.000000,1.000000
473,137,153,625,668,99.009901,990.099010,0.000000,-1.000000,1,-1.816920,-0.621149,1.000000,1.000000,1.817250,0.624512,1.000000,1.000000
474,154,153,669,668,99.009901,990.099010,0.000000,-1.000000,1,1.801040,0.151605,1.000000,1.000000,-1.800740,-0.148625,1.000000,1.000000
475,155,153,670,668,99.009901,990.099010,0.000000,-1.013514,1,0.015880,0.469545,1.000000,1.000000,-0.015860,-0.469344,1.000000,1.000000
476,153,154,668,669,99.009901,990.099010,0.000000,1.000000,1,-1.800740,-0.148625,1.000000,1.000000,1.801040,0.151605,1.000000,1.000000
477,153,155,668,670,99.009901,990.099010,0.000000,1.013514,1,-0.015860,-0.469344,1.000000,1.000000,0.015880,0.469545,1.000000,1.000000
478,137,156,625,671,99.009901,990.099010,0.000000,-1.000000,1,-1.796650,-0.617672,1.000000,1.000000,1.796980,0.620964,1.000000,1.000000
479,157,156,672,671,99.009901,990.099010,0.000000,-1.000000,1,1.790900,0.153492,1.000000,1.000000,-1.790610,-0.150545,1.000000,1.000000
480,158,156,673,671,99.009901,990.099010,0.000000,-1.013514,1,0.005749,0.464181,1.000000,1.000000,-0.005730,-0.463984,1.000000,1.000000
481,156,157,671,672,99.009901,990.099010,0.000000,1.000000,1,-1.790610,-0.150545,1.000000,1.000000,1.790900,0.153492,1.000000,1.000000
482,156,158,671,673,99.009901,990.099010,0.000000,1.013514,1,-0.005730,-0.463984,1.000000,1.000000,0.005749,0.464181,1.000000,1.000000
483,19,159,39,683,0.543658,42.495595,0.000000,-1.047619,1,4.574460,-0.441331,1.000000,1.000000,-4.567260,1.003490,1.000000,1.000000
484,19,160,39,684,0.543658,42.495595,0.000000,-1.047619,1,4.570570,-0.335062,1.000000,1.000000,-4.563460,0.890843,1.000000,1.000000
485,19,161,39,685,0.543658,42.495595,0.000000,-1.047619,1,4.552420,-0.402915,1.000000,1.000000,-4.545320,0.957623,1.000000,1.000000
486,19,162,39,686,0.543658,42.495595,0.000000,-1.047619,1,4.574230,-0.481228,1.000000,1.000000,-4.567010,1.045540,1.000000,1.000000
487,48,163,154,767,0.229132,11.998553,0.000000,-1.052174,1,1.145300,-0.038724,1.000000,1.000000,-1.143040,0.157266,1.000000,1.000000
488,54,164,205,786,0.313282,21.047969,0.000000,-1.052174,1,0.923959,-0.142390,1.000000,1.000000,-0.923272,0.188543,1.000000,1.000000
489,54,165,205,787,0.340809,23.091792,0.000000,-1.052174,1,0.910299,-0.127733,1.000000,1.000000,-0.909701,0.168280,1.000000,1.000000
490,55,166,211,790,0.107083,4.497475,0.000000,-1.052174,1,0.568449,-0.001709,1.000000,1.000000,-0.566553,0.081358,1.000000,1.000000
491,55,167,211,791,0.102881,4.415501,0.000000,-1.052174,1,0.561309,-0.097136,1.000000,1.000000,-0.559311,0.182891,1.000000,1.000000
492,58,168,232,803,0.520367,41.996240,0.000000,-1.047619,1,5.052210,0.345278,1.000000,1.000000,-5.044280,0.294069,1.000000,1.000000
493,58,169,232,804,0.520175,42.059863,0.000000,-1.047619,1,2.246120,0.263129,1.000000,1.000000,-2.244560,-0.136692,1.000000,1.000000
494,58,170,232,805,0.519936,42.121905,0.000000,-1.047619,1,0.182550,0.220578,1.000000,1.000000,-0.182525,-0.218554,1.000000,1.000000
495,58,171,232,806,0.519737,42.185909,0.000000,-1.047619,1,4.658570,0.279695,1.000000,1.000000,-4.651900,0.261480,1.000000,1.000000
496,58,172,232,807,0.519491,42.248324,0.000000,-1.047619,1,2.283020,0.265647,1.000000,1.000000,-2.281420,-0.135627,1.000000,1.000000
497,58,173,232,808,0.521030,42.310879,0.000000,-1.047619,1,5.952380,0.343473,1.000000,1.000000,-5.941480,0.541239,1.000000,1.000000
498,67,174,250,815,1.404819,50.111069,0.000000,-0.997733,1,1.500390,-0.204411,1.000000,1.000000,-1.499160,0.248329,1.000000,1.000000
499,67,175,250,816,1.413109,50.394105,0.000000,-0.997733,1,2.532770,-0.306663,1.000000,1.000000,-2.529280,0.431165,1.000000,1.000000
500,15,176,32,860,27.848860,-589.351501,0.000000,-1.000000,1,1.755070,0.745485,1.000000,1.000000,-1.754790,-0.751407,1.000000,1.000000
501,57,176,231,860,0.229030,56.012059,0.000000,-1.000000,1,-1.755070,-0.745478,1.000000,1.000000,1.755330,0.807921,1.000000,1.000000
502,177,176,861,860,0.272423,23.821724,0.000000,-0.972973,1,0.000000,-0.000000,1.000000,1.000000,-0.000000,0.000000,1.000000,1.000000
503,176,177,860,861,0.272423,23.821724,0.000000,0.972973,1,-0.000000,0.000000,1.000000,1.000000,0.000000,-0.000000,1.000000,1.000000
504,15,178,32,862,22.276556,-580.540551,0.000000,-1.000000,1,1.785140,0.150297,1.000000,1.000000,-1.784930,-0.155597,1.000000,1.000000
505,57,178,231,862,0.231097,56.264172,0.000000,-1.000000,1,-1.767070,-0.694170,1.000000,1.000000,1.767320,0.755677,1.000000,1.000000
506,179,178,863,862,0.261615,23.950959,0.000000,-0.972973,1,-0.018070,0.543881,1.000000,1.000000,0.018200,-0.532011,1.000000,1.000000
507,178,179,862,863,0.261615,23.950959,0.000000,0.972973,1,0.018200,-0.532011,1.000000,1.000000,-0.018070,0.543881,1.000000,1.000000
508,33,180,89,874,24.405228,-548.364383,0.000000,-1.050000,1,-3.334770,0.889995,1.000000,1.000000,3.335820,-0.913500,1.000000,1.000000
509,37,180,98,874,0.242205,55.369926,0.000000,-1.047619,1,3.334780,-0.889991,1.000000,1.000000,-3.333760,1.123240,1.000000,1.000000
510,52,181,171,883,14.654159,-454.072525,0.000000,-1.000000,1,-0.006383,1.167220,1.000000,1.000000,0.006471,-1.169950,1.000000,1.000000
511,65,181,247,883,0.261590,68.964525,0.000000,-1.000000,1,0.006333,-0.852184,1.000000,1.000000,-0.006297,0.861770,1.000000,1.000000
512,182,181,884,883,0.418846,29.233765,0.000000,-0.972973,1,0.000044,-0.315043,1.000000,1.000000,-0.000000,0.318133,1.000000,1.000000
513,181,182,883,884,0.418846,29.233765,0.000000,0.972973,1,-0.000000,0.318133,1.000000,1.000000,0.000044,-0.315043,1.000000,1.000000
514,52,183,171,885,5.645136,-506.522699,0.000000,-1.000000,1,-0.007099,1.468690,1.000000,1.000000,0.007142,-1.472560,1.000000,1.000000
515,65,183,247,885,0.510488,70.742690,0.000000,-1.000000,1,0.006939,-0.897422,1.000000,1.000000,-0.006864,0.907792,1.000000,1.000000
516,184,183,886,885,0.448683,29.092454,0.000000,-0.972973,1,0.000158,-0.571266,1.000000,1.000000,-0.000000,0.581482,1.000000,1.000000
517,183,184,885,886,0.448683,29.092454,0.000000,0.972973,1,-0.000000,0.581482,1.000000,1.000000,0.000158,-0.571266,1.000000,1.000000
518,39,185,108,892,0.259038,55.864721,0.000000,-1.047619,1,1.873330,-0.009029,1.000000,1.000000,-1.873030,0.073707,1.000000,1.000000
519,50,186,158,908,0.262544,55.575929,0.000000,-1.000000,1,0.552135,-1.308650,1.000000,1.000000,-0.551965,1.344450,1.000000,1.000000
520,51,186,166,908,21.769328,-494.090361,0.000000,-1.000000,1,-0.552702,0.259671,1.000000,1.000000,0.552734,-0.260414,1.000000,1.000000
521,187,186,909,908,0.329395,25.142163,0.000000,-0.972973,1,0.000566,1.048980,1.000000,1.000000,-0.000000,-1.005810,1.000000,1.000000
522,186,187,908,909,0.329395,25.142163,0.000000,0.972973,1,-0.000000,-1.005810,1.000000,1.000000,0.000566,1.048980,1.000000,1.000000
523,1,188,3,911,0.263444,54.405688,0.000000,-1.000000,1,-1.812250,-1.748870,1.000000,1.000000,1.812790,1.860770,1.000000,1.000000
524,46,188,144,911,18.590037,-511.356942,0.000000,-1.000000,1,1.811150,0.267332,1.000000,1.000000,-1.810920,-0.273616,1.000000,1.000000
525,189,188,912,911,0.274585,23.270435,0.000000,-0.972973,1,0.001068,1.481570,1.000000,1.000000,-0.000000,-1.391040,1.000000,1.000000
526,188,189,911,912,0.274585,23.270435,0.000000,0.972973,1,-0.000000,-1.391040,1.000000,1.000000,0.001068,1.481570,1.000000,1.000000
527,1,190,3,913,0.261292,54.802284,0.000000,-1.000000,1,-1.819380,-1.762260,1.000000,1.000000,1.819920,1.874630,1.000000,1.000000
528,46,190,144,913,19.911324,-529.192526,0.000000,-1.000000,1,1.818310,0.280062,1.000000,1.000000,-1.818080,-0.286192,1.000000,1.000000
529,191,190,914,913,0.272675,23.445137,0.000000,-0.972973,1,0.001046,1.482230,1.000000,1.000000,-0.000000,-1.392290,1.000000,1.000000
530,190,191,913,914,0.272675,23.445137,0.000000,0.972973,1,-0.000000,-1.392290,1.000000,1.000000,0.001046,1.482230,1.000000,1.000000
531,13,192,25,918,0.300022,55.329530,0.000000,-1.000000,1,-0.406533,-0.981938,1.000000,1.000000,0.406638,1.001380,1.000000,1.000000
532,13,193,25,920,0.413821,55.778712,0.000000,-1.000000,1,-0.419162,-1.063600,1.000000,1.000000,0.419328,1.085980,1.000000,1.000000
533,63,194,245,930,0.279088,57.986479,0.000000,-1.000000,1,-4.184490,0.686054,1.000000,1.000000,4.185840,-0.405238,1.000000,1.000000
534,84,194,322,930,14.262328,-589.625513,0.000000,-1.000000,1,4.184460,-0.346702,1.000000,1.000000,-4.183800,0.319639,1.000000,1.000000
535,195,194,931,930,0.227435,25.563616,0.000000,-1.000000,1,0.000036,-0.339331,1.000000,1.000000,0.000000,0.343410,1.000000,1.000000
536,194,195,930,931,0.227435,25.563616,0.000000,1.000000,1,0.000000,0.343410,1.000000,1.000000,0.000036,-0.339331,1.000000,1.000000
537,63,196,245,932,0.304564,58.171762,0.000000,-1.000000,1,-4.192260,0.686718,1.000000,1.000000,4.193730,-0.405745,1.000000,1.000000
538,84,196,322,932,13.260370,-598.508603,0.000000,-1.000000,1,4.192220,-0.331474,1.000000,1.000000,-4.191630,0.304725,1.000000,1.000000
539,197,196,933,932,0.225885,25.476353,0.000000,-1.000000,1,0.000040,-0.355224,1.000000,1.000000,0.000000,0.359709,1.000000,1.000000
540,196,197,932,933,0.225885,25.476353,0.000000,1.000000,1,0.000000,0.359709,1.000000,1.000000,0.000040,-0.355224,1.000000,1.000000
541,41,198,115,934,0.266480,54.718264,0.000000,-1.000000,1,-2.986690,-0.130256,1.000000,1.000000,2.987410,0.279378,1.000000,1.000000
542,41,199,115,936,0.276082,55.079861,0.000000,-1.000000,1,-2.982930,-0.128842,1.000000,1.000000,2.983670,0.276592,1.000000,1.000000
543,10,200,16,938,0.264970,54.563017,0.000000,-1.000000,1,-0.509116,-0.326958,1.000000,1.000000,0.509146,0.333215,1.000000,1.000000
544,26,200,54,938,18.556123,-565.321870,0.000000,-1.000000,1,0.495290,-0.036771,1.000000,1.000000,-0.495277,0.036364,1.000000,1.000000
545,201,200,939,938,0.282140,23.518832,0.000000,-0.972973,1,0.013823,0.363729,1.000000,1.000000,-0.013760,-0.358476,1.000000,1.000000
546,200,201,938,939,0.282140,23.518832,0.000000,0.972973,1,-0.013760,-0.358476,1.000000,1.000000,0.013823,0.363729,1.000000,1.000000
547,10,202,16,940,0.307378,56.881160,0.000000,-1.000000,1,-0.529407,-0.442715,1.000000,1.000000,0.529449,0.450549,1.000000,1.000000
548,26,202,54,940,22.776959,-637.348111,0.000000,-1.000000,1,0.503278,1.110660,1.000000,1.000000,-0.503200,-1.112840,1.000000,1.000000
549,203,202,941,940,0.241860,23.285797,0.000000,-0.972973,1,0.026127,-0.667949,1.000000,1.000000,-0.025940,0.685902,1.000000,1.000000
550,202,203,940,941,0.241860,23.285797,0.000000,0.972973,1,-0.025940,0.685902,1.000000,1.000000,0.026127,-0.667949,1.000000,1.000000
551,28,204,59,942,5.502487,-328.422922,0.000000,-1.000000,1,4.314770,-0.417087,1.000000,1.000000,-4.313890,0.364690,1.000000,1.000000
552,53,204,194,942,0.182490,48.369245,0.000000,-1.000000,1,-4.314770,0.417109,1.000000,1.000000,4.316110,-0.061245,1.000000,1.000000
553,28,205,59,943,6.033268,-322.467765,0.000000,-1.000000,1,4.321840,-1.597930,1.000000,1.000000,-4.320720,1.538050,1.000000,1.000000
554,53,205,194,943,0.165058,48.215443,0.000000,-1.000000,1,-4.322210,0.595061,1.000000,1.000000,4.323440,-0.235852,1.000000,1.000000
555,206,205,944,943,0.260413,25.262601,0.000000,-0.972973,1,0.000373,1.002890,1.000000,1.000000,-0.000000,-0.966674,1.000000,1.000000
556,205,206,943,944,0.260413,25.262601,0.000000,0.972973,1,-0.000000,-0.966674,1.000000,1.000000,0.000373,1.002890,1.000000,1.000000
557,20,207,40,953,0.345416,56.816082,0.000000,-1.047619,1,-1.702270,-0.404613,1.000000,1.000000,1.702630,0.464553,1.000000,1.000000
558,20,208,40,954,0.266742,57.034057,0.000000,-1.047619,1,-1.673410,-0.399644,1.000000,1.000000,1.673680,0.457354,1.000000,1.000000
559,64,209,246,959,0.230418,53.667234,0.000000,-1.000000,1,-1.921000,0.733575,1.000000,1.000000,1.921300,-0.662353,1.000000,1.000000
560,68,209,251,959,16.424919,-431.714054,0.000000,-1.000000,1,1.920860,-0.201954,1.000000,1.000000,-1.920570,0.194154,1.000000,1.000000
561,210,209,960,959,0.330455,24.850824,0.000000,-0.972973,1,0.000137,-0.531610,1.000000,1.000000,-0.000000,0.541888,1.000000,1.000000
562,209,210,959,960,0.330455,24.850824,0.000000,0.972973,1,-0.000000,0.541888,1.000000,1.000000,0.000137,-0.531610,1.000000,1.000000
563,64,211,246,961,0.232991,53.303886,0.000000,-1.000000,1,-1.906860,0.552474,1.000000,1.000000,1.907150,-0.485237,1.000000,1.000000
564,68,211,251,961,16.856810,-425.407889,0.000000,-1.002609,1,1.906730,-0.024046,1.000000,1.000000,-1.906420,0.016285,1.000000,1.000000
565,212,211,962,961,0.329070,24.962581,0.000000,-0.972973,1,0.000134,-0.528417,1.000000,1.000000,-0.000000,0.538588,1.000000,1.000000
566,211,212,961,962,0.329070,24.962581,0.000000,0.972973,1,-0.000000,0.538588,1.000000,1.000000,0.000134,-0.528417,1.000000,1.000000
567,39,213,108,975,0.156945,58.410793,0.000000,-1.047619,1,1.878840,-0.073365,1.000000,1.000000,-1.878680,0.135826,1.000000,1.000000
568,4,214,7,976,0.419745,56.388913,0.000000,-1.047619,1,1.138760,-0.966306,1.000000,1.000000,-1.138440,1.009400,1.000000,1.000000
569,78,214,287,976,8.729516,-440.355582,0.000000,-1.052174,1,-1.138760,0.966307,1.000000,1.000000,1.138870,-0.971823,1.000000,1.000000
570,4,215,7,977,0.410435,55.760097,0.000000,-1.047619,1,1.119410,-0.949763,1.000000,1.000000,-1.119100,0.991857,1.000000,1.000000
571,78,215,287,977,9.293632,-454.355358,0.000000,-1.052174,1,-1.119410,0.949763,1.000000,1.000000,1.119520,-0.954927,1.000000,1.000000
572,74,216,274,983,0.158125,47.527991,0.000000,-1.000000,1,-0.859599,0.315813,1.000000,1.000000,0.859655,-0.298842,1.000000,1.000000
573,77,216,284,983,16.394504,-402.558127,0.000000,-1.000000,1,0.859599,-0.315810,1.000000,1.000000,-0.859518,0.313810,1.000000,1.000000
574,74,217,274,984,0.135369,47.498783,0.000000,-1.000000,1,-0.866905,0.319210,1.000000,1.000000,0.866954,-0.301933,1.000000,1.000000
575,77,217,284,984,17.014497,-376.162179,0.000000,-1.000000,1,0.866905,-0.319207,1.000000,1.000000,-0.866807,0.317030,1.000000,1.000000
576,74,218,274,985,0.000000,47.499169,0.000000,-1.000000,1,-0.864928,0.324303,1.000000,1.000000,0.864928,-0.307033,1.000000,1.000000
577,77,218,284,985,40.807137,-372.892804,0.000000,-1.000000,1,0.864927,-0.324298,1.000000,1.000000,-0.864689,0.322124,1.000000,1.000000
578,50,219,158,993,0.305231,53.915348,0.000000,-1.000000,1,0.548061,-1.279600,1.000000,1.000000,-0.547861,1.315070,1.000000,1.000000
579,51,219,166,993,9.749756,-402.989925,0.000000,-1.000000,1,-0.548493,0.291465,1.000000,1.000000,0.548516,-0.292410,1.000000,1.000000
580,220,219,994,993,0.277672,24.922131,0.000000,-0.972973,1,0.000431,0.988137,1.000000,1.000000,-0.000000,-0.949479,1.000000,1.000000
581,219,220,993,994,0.277672,24.922131,0.000000,0.972973,1,-0.000000,-0.949479,1.000000,1.000000,0.000431,0.988137,1.000000,1.000000
582,85,221,334,999,0.270006,55.391139,0.000000,-1.000000,1,-0.043761,-0.838460,1.000000,1.000000,0.043821,0.850742,1.000000,1.000000
583,104,221,399,999,28.338245,-566.764906,0.000000,-1.000000,1,0.043759,0.838459,1.000000,1.000000,-0.043699,-0.839657,1.000000,1.000000
584,85,222,334,1000,0.266908,55.388101,0.000000,-1.000000,1,-0.043707,-0.838412,1.000000,1.000000,0.043766,0.850693,1.000000,1.000000
585,104,222,399,1000,28.338245,-566.764906,0.000000,-1.000000,1,0.043704,0.838411,1.000000,1.000000,-0.043645,-0.839608,1.000000,1.000000
586,29,223,74,1051,0.502813,11.111741,0.000000,-1.042609,1,-0.571345,-0.039800,1.000000,1.000000,0.572793,0.071818,1.000000,1.000000
587,224,223,1052,1051,0.000000,-138.484974,0.000000,-1.052174,1,0.567244,0.037502,1.000000,1.000000,-0.567244,-0.040038,1.000000,1.000000
588,225,223,1053,1051,-0.510524,18.718280,0.000000,-1.000000,1,0.004100,0.002301,1.000000,1.000000,-0.004100,-0.002300,1.000000,1.000000
589,223,224,1051,1052,0.000000,-138.484974,0.000000,1.052174,1,-0.567244,-0.040038,1.000000,1.000000,0.567244,0.037502,1.000000,1.000000
590,223,225,1051,1053,-0.510524,18.718280,0.000000,1.000000,1,-0.004100,-0.002300,1.000000,1.000000,0.004100,0.002301,1.000000,1.000000
591,29,226,74,1054,0.481412,10.748032,0.000000,-1.042609,1,-0.545770,-0.026788,1.000000,1.000000,0.547117,0.056843,1.000000,1.000000
592,227,226,1055,1054,0.000000,-143.369176,0.000000,-1.052174,1,0.542155,0.118785,1.000000,1.000000,-0.542155,-0.121114,1.000000,1.000000
593,228,226,1056,1054,-0.504471,17.923987,0.000000,-1.000000,1,0.003616,-0.091993,1.000000,1.000000,-0.003630,0.092506,1.000000,1.000000
594,226,227,1054,1055,0.000000,-143.369176,0.000000,1.052174,1,-0.542155,-0.121114,1.000000,1.000000,0.542155,0.118785,1.000000,1.000000
595,226,228,1054,1056,-0.504471,17.923987,0.000000,1.000000,1,-0.003630,0.092506,1.000000,1.000000,0.003616,-0.091993,1.000000,1.000000
596,36,229,92,1102,0.156873,11.568331,0.000000,-1.042609,1,-0.816545,-0.058860,1.000000,1.000000,0.817398,0.121729,1.000000,1.000000
597,22,230,42,1123,0.125672,8.454005,0.000000,-0.985000,1,-0.556681,-0.091396,1.000000,1.000000,0.557231,0.128402,1.000000,1.000000
598,22,231,42,1126,0.120563,8.693300,0.000000,-0.987500,1,-0.647349,-0.092656,1.000000,1.000000,0.648024,0.141317,1.000000,1.000000
599,35,232,91,1324,0.083141,11.370782,0.000000,-1.042609,1,-0.371420,-0.051837,1.000000,1.000000,0.371518,0.065235,1.000000,1.000000
600,233,232,1325,1324,26.731324,-142.771008,0.000000,-1.052174,1,0.370678,0.062416,1.000000,1.000000,-0.370484,-0.063452,1.000000,1.000000
601,234,232,1326,1324,0.467955,18.667638,0.000000,-1.000000,1,0.000740,-0.010573,1.000000,1.000000,-0.000740,0.010580,1.000000,1.000000
602,232,233,1324,1325,26.731324,-142.771008,0.000000,1.052174,1,-0.370484,-0.063452,1.000000,1.000000,0.370678,0.062416,1.000000,1.000000
603,232,234,1324,1326,0.467955,18.667638,0.000000,1.000000,1,-0.000740,0.010580,1.000000,1.000000,0.000740,-0.010573,1.000000,1.000000
604,35,235,91,1327,0.078207,11.552151,0.000000,-1.042609,1,-0.374023,-0.028154,1.000000,1.000000,0.374112,0.041285,1.000000,1.000000
605,236,235,1328,1327,28.426356,-138.703776,0.000000,-1.052174,1,0.374821,0.038624,1.000000,1.000000,-0.374604,-0.039683,1.000000,1.000000
606,237,235,1329,1327,0.594174,19.106735,0.000000,-1.000000,1,-0.000800,-0.010463,1.000000,1.000000,0.000800,0.010469,1.000000,1.000000
607,235,236,1327,1328,28.426356,-138.703776,0.000000,1.052174,1,-0.374604,-0.039683,1.000000,1.000000,0.374821,0.038624,1.000000,1.000000
608,235,237,1327,1329,0.594174,19.106735,0.000000,1.000000,1,0.000800,0.010469,1.000000,1.000000,-0.000800,-0.010463,1.000000,1.000000
609,24,238,44,1339,0.173109,11.276641,0.000000,-1.042609,1,-0.522051,0.034763,1.000000,1.000000,0.522441,-0.009340,1.000000,1.000000
610,24,239,44,1342,0.178701,11.300569,0.000000,-1.042609,1,-0.523248,0.039130,1.000000,1.000000,0.523651,-0.013634,1.000000,1.000000
611,66,240,249,1369,0.089496,5.141867,0.000000,-0.980435,1,-0.286080,-0.043947,1.000000,1.000000,0.286356,0.059756,1.000000,1.000000
612,47,241,145,1391,0.141041,11.151462,0.000000,-1.071304,1,-0.276641,0.057798,1.000000,1.000000,0.276741,-0.049901,1.000000,1.000000
613,47,242,145,1394,0.164721,11.000086,0.000000,-1.071304,1,-0.301673,-0.002388,1.000000,1.000000,0.301812,0.011622,1.000000,1.000000
614,14,243,31,1403,0.159588,9.234179,0.000000,-1.028261,1,-0.395199,0.026206,1.000000,1.000000,0.395495,-0.009101,1.000000,1.000000
615,14,244,31,1406,0.199982,9.124202,0.000000,-1.028261,1,-0.380636,0.014261,1.000000,1.000000,0.380988,0.001792,1.000000,1.000000
616,70,245,255,1428,0.088880,4.099173,0.000000,-1.016304,1,-0.181400,-0.043647,1.000000,1.000000,0.181587,0.052287,1.000000,1.000000
617,70,246,255,1429,0.088651,4.111419,0.000000,-1.016304,1,-0.183910,-0.028048,1.000000,1.000000,0.184093,0.036546,1.000000,1.000000
618,88,247,346,1559,0.093473,6.365986,0.000000,-1.028261,1,0.088332,-0.114162,1.000000,1.000000,-0.088279,0.117723,1.000000,1.000000
619,88,248,346,1562,0.095307,6.350115,0.000000,-1.028261,1,0.085946,-0.112701,1.000000,1.000000,-0.085894,0.116141,1.000000,1.000000
620,34,249,90,1568,0.061288,4.421777,0.000000,-0.956522,1,-0.124688,-0.021873,1.000000,1.000000,0.124733,0.025175,1.000000,1.000000
621,34,250,90,1571,0.226276,10.462913,0.000000,-0.956522,1,-0.321484,-0.102465,1.000000,1.000000,0.321700,0.112470,1.000000,1.000000
622,45,251,138,1589,0.140536,11.568216,0.000000,-1.042609,1,-0.623583,0.042379,1.000000,1.000000,0.624009,-0.007260,1.000000,1.000000
623,90,252,349,1859,0.228989,48.838975,0.000000,-1.000000,1,-1.585820,-0.250189,1.000000,1.000000,1.586050,0.299838,1.000000,1.000000
624,94,252,354,1859,3.890625,-319.952690,0.000000,-1.000000,1,1.585820,0.250192,1.000000,1.000000,-1.585730,-0.257769,1.000000,1.000000
625,90,253,349,1860,0.229532,48.644147,0.000000,-1.000000,1,-1.575620,-0.358062,1.000000,1.000000,1.575860,0.408771,1.000000,1.000000
626,94,253,354,1860,3.723941,-321.603711,0.000000,-1.000000,1,1.575480,0.973328,1.000000,1.000000,-1.575360,-0.983402,1.000000,1.000000
627,254,253,1861,1860,0.248114,24.811415,0.000000,-0.972973,1,0.000144,-0.615263,1.000000,1.000000,-0.000000,0.629677,1.000000,1.000000
628,253,254,1860,1861,0.248114,24.811415,0.000000,0.972973,1,-0.000000,0.629677,1.000000,1.000000,0.000144,-0.615263,1.000000,1.000000
629,90,255,349,1862,0.224262,48.843790,0.000000,-1.000000,1,-1.585850,-0.250570,1.000000,1.000000,1.586080,0.300221,1.000000,1.000000
630,94,255,354,1862,3.688271,-320.059930,0.000000,-1.000000,1,1.585850,0.250573,1.000000,1.000000,-1.585760,-0.258149,1.000000,1.000000
631,93,256,353,1876,0.212699,13.362025,0.000000,-1.040217,1,-0.237802,-0.063897,1.000000,1.000000,0.237880,0.068803,1.000000,1.000000
632,93,257,353,1879,0.216091,13.361916,0.000000,-1.056957,1,-0.237572,-0.063955,1.000000,1.000000,0.237654,0.069014,1.000000,1.000000
633,96,258,371,1958,0.240791,51.439202,0.000000,-1.047619,1,3.378640,-0.979141,1.000000,1.000000,-3.377380,1.248090,1.000000,1.000000
634,100,258,385,1958,4.053500,-251.633671,0.000000,-1.050000,1,-3.379260,0.010634,1.000000,1.000000,3.380080,-0.061361,1.000000,1.000000
635,259,258,1959,1958,0.318762,23.143758,0.000000,-0.972973,1,0.000624,0.968508,1.000000,1.000000,-0.000000,-0.923201,1.000000,1.000000
636,258,259,1958,1959,0.318762,23.143758,0.000000,0.972973,1,-0.000000,-0.923201,1.000000,1.000000,0.000624,0.968508,1.000000,1.000000
637,96,260,371,1960,0.235679,52.047025,0.000000,-1.047619,1,3.404050,-0.994995,1.000000,1.000000,-3.402820,1.265230,1.000000,1.000000
638,100,260,385,1960,4.619941,-258.716673,0.000000,-1.050000,1,-3.404670,0.026651,1.000000,1.000000,3.405570,-0.076742,1.000000,1.000000
639,261,260,1961,1960,0.318762,23.143758,0.000000,-0.972973,1,0.000624,0.968345,1.000000,1.000000,-0.000000,-0.923046,1.000000,1.000000
640,260,261,1960,1961,0.318762,23.143758,0.000000,0.972973,1,-0.000000,-0.923046,1.000000,1.000000,0.000624,0.968345,1.000000,1.000000
641,45,262,138,1988,0.133640,11.307823,0.000000,-1.042609,1,-0.602059,0.057148,1.000000,1.000000,0.602455,-0.023613,1.000000,1.000000
642,102,263,394,1991,0.104394,46.157161,0.000000,-1.000000,1,-1.385630,-0.146619,1.000000,1.000000,1.385730,0.188790,1.000000,1.000000
643,102,264,394,1992,0.104732,46.231848,0.000000,-1.000000,1,-1.387180,-0.146950,1.000000,1.000000,1.387270,0.189148,1.000000,1.000000
644,103,265,395,1993,0.152649,10.975307,0.000000,-1.042609,1,-0.608041,-0.036644,1.000000,1.000000,0.608544,0.072821,1.000000,1.000000
645,103,266,395,1996,0.156199,10.864603,0.000000,-1.028261,1,-0.604903,-0.043488,1.000000,1.000000,0.605410,0.078760,1.000000,1.000000
646,105,267,402,2006,0.106510,10.119415,0.000000,-1.060000,1,-0.289540,-0.005473,1.000000,1.000000,0.289638,0.014726,1.000000,1.000000
647,33,268,89,2064,41.949828,-746.706939,0.000000,-1.050000,1,-4.359790,1.166260,1.000000,1.000000,4.361450,-1.195730,1.000000,1.000000
648,37,268,98,2064,0.269552,72.699837,0.000000,-1.047619,1,4.359800,-1.166250,1.000000,1.000000,-4.358670,1.469980,1.000000,1.000000
649,111,269,427,2070,0.178646,55.026108,0.000000,-1.000000,1,-1.595720,-0.011425,1.000000,1.000000,1.595850,0.054341,1.000000,1.000000
650,112,269,428,2070,47.314969,-610.963930,0.000000,-1.000000,1,1.595580,0.510961,1.000000,1.000000,-1.595260,-0.515196,1.000000,1.000000
651,270,269,2071,2070,0.317970,23.805277,0.000000,-0.972973,1,0.000130,-0.499524,1.000000,1.000000,-0.000000,0.509243,1.000000,1.000000
652,269,270,2070,2071,0.317970,23.805277,0.000000,0.972973,1,-0.000000,0.509243,1.000000,1.000000,0.000130,-0.499524,1.000000,1.000000
653,111,271,427,2072,0.183892,54.905221,0.000000,-1.000000,1,-1.625390,0.039903,1.000000,1.000000,1.625540,0.004671,1.000000,1.000000
654,112,271,428,2072,31.375471,-498.023345,0.000000,-1.000000,1,1.625390,-0.039892,1.000000,1.000000,-1.625080,0.034997,1.000000,1.000000
655,113,272,429,2091,0.562690,48.316632,0.000000,-1.000000,1,3.445080,-1.525140,1.000000,1.000000,-3.441660,1.818450,1.000000,1.000000
656,101,273,393,2093,0.108806,46.189120,0.000000,-1.000000,1,-0.756116,0.027025,1.000000,1.000000,0.756145,-0.014759,1.000000,1.000000
657,115,273,435,2093,5.778343,-268.692939,0.000000,-1.000000,1,0.756116,-0.027024,1.000000,1.000000,-0.756070,0.024916,1.000000,1.000000
658,101,274,393,2094,0.104920,45.808280,0.000000,-1.000000,1,-0.755695,0.027102,1.000000,1.000000,0.755723,-0.014748,1.000000,1.000000
659,115,274,435,2094,5.350539,-256.957996,0.000000,-1.000000,1,0.755695,-0.027101,1.000000,1.000000,-0.755649,0.024899,1.000000,1.000000
660,275,274,2095,2094,0.243750,24.531435,0.000000,-0.972973,1,0.000000,-0.000000,1.000000,1.000000,-0.000000,0.000000,1.000000,1.000000
661,274,275,2094,2095,0.243750,24.531435,0.000000,0.972973,1,-0.000000,0.000000,1.000000,1.000000,0.000000,-0.000000,1.000000,1.000000
662,119,276,461,2228,23.012071,-646.429991,0.000000,-1.052174,1,-1.810350,0.018177,1.000000,1.000000,1.810550,-0.023796,1.000000,1.000000
663,120,276,462,2228,0.271909,58.666971,0.000000,-1.047619,1,1.809870,-0.999567,1.000000,1.000000,-1.809490,1.080420,1.000000,1.000000
664,277,276,2229,2228,0.311708,26.287877,0.000000,-0.972973,1,0.000482,0.981390,1.000000,1.000000,-0.000000,-0.940742,1.000000,1.000000
665,276,277,2228,2229,0.311708,26.287877,0.000000,0.972973,1,-0.000000,-0.940742,1.000000,1.000000,0.000482,0.981390,1.000000,1.000000
666,121,278,465,2234,0.224222,51.360089,0.000000,-1.047619,1,1.607900,-0.497901,1.000000,1.000000,-1.607630,0.558238,1.000000,1.000000
667,122,279,474,2258,0.174404,3.930323,0.000000,-1.011180,1,-0.002760,-0.077901,1.000000,1.000000,0.002832,0.079520,1.000000,1.000000
668,7,280,10,2284,99.009901,990.099010,0.000000,-1.000000,1,0.036430,45.421500,1.000000,1.000000,0.129240,-43.764800,1.000000,1.000000
669,7,281,10,2285,99.009901,990.099010,0.000000,-1.000000,1,0.036784,-24.160800,1.000000,1.000000,0.015934,24.687900,1.000000,1.000000
670,30,282,80,2327,0.129948,10.055344,0.000000,-1.000000,1,0.057430,0.024266,1.000000,1.000000,-0.057425,-0.023888,1.000000,1.000000
671,30,283,80,2330,0.127933,10.047713,0.000000,-1.000000,1,0.057560,0.024687,1.000000,1.000000,-0.057555,-0.024305,1.000000,1.000000
672,124,284,510,2376,0.186387,12.219406,0.000000,-1.052174,1,1.325610,-0.183992,1.000000,1.000000,-1.323050,0.351819,1.000000,1.000000
673,124,285,510,2377,0.167311,11.037672,0.000000,-1.052174,1,1.107200,-0.250022,1.000000,1.000000,-1.105140,0.385853,1.000000,1.000000
674,124,286,510,2378,0.049142,1.151750,0.000000,-1.052174,1,0.085420,-0.007483,1.000000,1.000000,-0.085118,0.014556,1.000000,1.000000
675,121,287,465,2408,0.190579,52.177754,0.000000,-1.047619,1,1.549980,-0.460664,1.000000,1.000000,-1.549780,0.515366,1.000000,1.000000
676,122,288,474,2441,0.174404,3.930323,0.000000,-1.011180,1,-0.000770,-0.092981,1.000000,1.000000,0.000873,0.095303,1.000000,1.000000
677,128,289,550,2475,0.313231,17.838897,0.000000,-1.047619,1,1.092370,0.478339,1.000000,1.000000,-1.090970,-0.398473,1.000000,1.000000
678,128,290,550,2476,0.312913,17.838908,0.000000,-1.047619,1,1.070680,0.455592,1.000000,1.000000,-1.069340,-0.379371,1.000000,1.000000
679,128,291,550,2477,0.118069,17.354583,0.000000,-1.047619,1,0.041015,0.024316,1.000000,1.000000,-0.041014,-0.024178,1.000000,1.000000
680,130,292,559,2506,0.218417,13.963064,0.000000,-1.073810,1,0.903059,0.064264,1.000000,1.000000,-0.902055,-0.000054,1.000000,1.000000
681,130,293,559,2507,0.218417,13.963064,0.000000,-1.073810,1,0.895119,0.059462,1.000000,1.000000,-0.894133,0.003627,1.000000,1.000000
682,130,294,559,2508,0.218605,13.962863,0.000000,-1.073810,1,0.908649,0.096754,1.000000,1.000000,-0.907630,-0.031667,1.000000,1.000000
683,130,295,559,2509,0.218605,13.962863,0.000000,-1.073810,1,0.895469,0.079355,1.000000,1.000000,-0.894481,-0.016197,1.000000,1.000000
684,105,296,402,2549,0.155797,12.128180,0.000000,-1.060000,1,-0.332746,-0.027988,1.000000,1.000000,0.332878,0.038293,1.000000,1.000000
685,133,297,580,2554,0.189481,50.946921,0.000000,-1.000000,1,-3.270930,1.144840,1.000000,1.000000,3.271710,-0.935381,1.000000,1.000000
686,133,298,580,2556,0.197408,50.965037,0.000000,-1.000000,1,-3.284010,1.172830,1.000000,1.000000,3.284840,-0.961014,1.000000,1.000000
687,136,299,623,2671,99.009901,990.099010,0.000000,-1.000000,1,1.102590,-2.931590,1.000000,1.000000,-1.101630,2.941180,1.000000,1.000000